"url","timestamp","type","userid"
"74.207.227.126/nl/fromg.php?uid=ER14121&segment=3&Quota4=2&return=https%3A%2F%2Ferasmusrim.eu.qualtrics.com%2FSE%2F%3FQ_DL%3D2hF1fZlSDkTG5Mh_71AihwuFeXGRJ3v_MLRP_eyMRUmAzqUNOB4p%26pid%3DER14121","2014-01-08 17:09:08","oldID","ER14121"
"74.207.227.126/nl/fromg.php?uid=ER14121&segment=3&Quota4=2&return=https%3A%2F%2Ferasmusrim.eu.qualtrics.com%2FSE%2F%3FQ_DL%3D2hF1fZlSDkTG5Mh_71AihwuFeXGRJ3v_MLRP_eyMRUmAzqUNOB4p%26pid%3DER14121","2014-01-08 17:09:11","oldID","ER14121"
"74.207.227.126/nl/fromg.php?uid=ER14121&segment=3&Quota4=2&return=https%3A%2F%2Ferasmusrim.eu.qualtrics.com%2FSE%2F%3FQ_DL%3D2hF1fZlSDkTG5Mh_71AihwuFeXGRJ3v_MLRP_eyMRUmAzqUNOB4p%26pid%3DER14121","2014-01-08 17:09:14","oldID","ER14121"
"74.207.227.126/nl/fromg.php?uid=ER14121&segment=3&Quota4=2&return=https%3A%2F%2Ferasmusrim.eu.qualtrics.com%2FSE%2F%3FQ_DL%3D2hF1fZlSDkTG5Mh_71AihwuFeXGRJ3v_MLRP_eyMRUmAzqUNOB4p%26pid%3DER14121","2014-01-08 17:09:21","oldID","ER14121"
"74.207.227.126/nl/fromg.php?uid=ER14121&segment=3&Quota4=2&return=https%3A%2F%2Ferasmusrim.eu.qualtrics.com%2FSE%2F%3FQ_DL%3D2hF1fZlSDkTG5Mh_71AihwuFeXGRJ3v_MLRP_eyMRUmAzqUNOB4p%26pid%3DER14121","2014-01-08 17:09:41","oldID","ER14121"
"74.207.227.126/nl/fromg.php?uid=ER14121&segment=3&Quota4=2&return=https%3A%2F%2Ferasmusrim.eu.qualtrics.com%2FSE%2F%3FQ_DL%3D2hF1fZlSDkTG5Mh_71AihwuFeXGRJ3v_MLRP_eyMRUmAzqUNOB4p%26pid%3DER14121","2014-01-08 17:09:43","oldID","ER14121"
"74.207.227.126/nl/fromg.php?uid=ER14122&segment=3&Quota4=3&return=https%3A%2F%2Ferasmusrim.eu.qualtrics.com%2FSE%2F%3FQ_DL%3D2hF1fZlSDkTG5Mh_71AihwuFeXGRJ3v_MLRP_8bTX8eDOrfsNqnj%26pid%3DER14122","2014-01-08 17:14:52","oldID","ER14122"
"74.207.227.126/nl/fromg.php?uid=ER14122&segment=3&Quota4=3&return=https%3A%2F%2Ferasmusrim.eu.qualtrics.com%2FSE%2F%3FQ_DL%3D2hF1fZlSDkTG5Mh_71AihwuFeXGRJ3v_MLRP_8bTX8eDOrfsNqnj%26pid%3DER14122","2014-01-08 17:15:38","oldID","ER14122"
"74.207.227.126/nl/fromg.php?uid=ER14122&segment=3&Quota4=3&return=https%3A%2F%2Ferasmusrim.eu.qualtrics.com%2FSE%2F%3FQ_DL%3D2hF1fZlSDkTG5Mh_71AihwuFeXGRJ3v_MLRP_8bTX8eDOrfsNqnj%26pid%3DER14122","2014-01-08 17:18:33","oldID","ER14122"
"74.207.227.126/nl/fromg.php?uid=ER14122&segment=3&Quota4=3&return=https%3A%2F%2Ferasmusrim.eu.qualtrics.com%2FSE%2F%3FQ_DL%3D2hF1fZlSDkTG5Mh_71AihwuFeXGRJ3v_MLRP_8bTX8eDOrfsNqnj%26pid%3DER14122","2014-01-08 17:18:47","oldID","ER14122"
"74.207.227.126/nl/fromg.php?uid=ER14123&segment=2&Quota4=4&return=https%3A%2F%2Ferasmusrim.eu.qualtrics.com%2FSE%2F%3FQ_DL%3D2hF1fZlSDkTG5Mh_71AihwuFeXGRJ3v_MLRP_d4GS6rFWI0hhmKx%26pid%3DER14123","2014-01-08 17:31:48","oldID","ER14123"
"74.207.227.126/nl/fromg.php?uid=ER14123&segment=2&Quota4=4&return=https%3A%2F%2Ferasmusrim.eu.qualtrics.com%2FSE%2F%3FQ_DL%3D2hF1fZlSDkTG5Mh_71AihwuFeXGRJ3v_MLRP_d4GS6rFWI0hhmKx%26pid%3DER14123","2014-01-08 17:40:21","oldID","ER14123"
"74.207.227.126/nl/fromg.php?uid=ER14123&segment=2&Quota4=4&return=https%3A%2F%2Ferasmusrim.eu.qualtrics.com%2FSE%2F%3FQ_DL%3D2hF1fZlSDkTG5Mh_71AihwuFeXGRJ3v_MLRP_d4GS6rFWI0hhmKx%26pid%3DER14123","2014-01-08 17:40:42","oldID","ER14123"
"74.207.227.126/nl/fromg.php?uid=ER14123&segment=2&Quota4=4&return=https%3A%2F%2Ferasmusrim.eu.qualtrics.com%2FSE%2F%3FQ_DL%3D2hF1fZlSDkTG5Mh_71AihwuFeXGRJ3v_MLRP_d4GS6rFWI0hhmKx%26pid%3DER14123","2014-01-08 17:42:43","oldID","ER14123"
"74.207.227.126/nl/fromg.php?uid=ER14124&segment=1&Quota4=4&return=https%3A%2F%2Ferasmusrim.eu.qualtrics.com%2FSE%2F%3FQ_DL%3D2hF1fZlSDkTG5Mh_71AihwuFeXGRJ3v_MLRP_6m7If2bPecP3ttj%26pid%3DER14124","2014-01-08 17:50:58","oldID","ER14124"
"74.207.227.126/nl/fromg.php?uid=ER14124&segment=1&Quota4=4&return=https%3A%2F%2Ferasmusrim.eu.qualtrics.com%2FSE%2F%3FQ_DL%3D2hF1fZlSDkTG5Mh_71AihwuFeXGRJ3v_MLRP_6m7If2bPecP3ttj%26pid%3DER14124","2014-01-08 17:51:22","oldID","ER14124"
"74.207.227.126/nl/fromg.php?uid=12412421313&segment=&Quota4=&return=","2014-01-08 17:54:26","wrongSeg","12412421313"
"74.207.227.126/nl/fromg.php?uid=12412421313&segment=&Quota4=&return=","2014-01-08 17:54:26","wrongCell","12412421313"
"74.207.227.126/nl/fromg.php?uid=12412421313&segment=&Quota4=&return=","2014-01-08 17:54:37","wrongSeg","12412421313"
"74.207.227.126/nl/fromg.php?uid=12412421313&segment=&Quota4=&return=","2014-01-08 17:54:37","wrongCell","12412421313"
"74.207.227.126/nl/fromg.php?uid=12412421313&segment=&Quota4=&return=","2014-01-08 17:54:37","oldID","12412421313"
"74.207.227.126/nl/fromg.php?uid=12313&segment=&Quota4=&return=","2014-01-08 17:55:02","wrongSeg","12313"
"74.207.227.126/nl/fromg.php?uid=12313&segment=&Quota4=&return=","2014-01-08 17:55:02","wrongCell","12313"
"74.207.227.126/nl/fromg.php?uid=ER14122&segment=3&Quota4=3&return=https%3A%2F%2Ferasmusrim.eu.qualtrics.com%2FSE%2F%3FQ_DL%3D2hF1fZlSDkTG5Mh_71AihwuFeXGRJ3v_MLRP_8bTX8eDOrfsNqnj%26pid%3DER14122","2014-01-08 18:55:02","oldID","ER14122"
"74.207.227.126/nl/fromg.php?uid=ER14125&segment=4&Quota4=3&return=https%3A%2F%2Ferasmusrim.eu.qualtrics.com%2FSE%2F%3FQ_DL%3D2hF1fZlSDkTG5Mh_71AihwuFeXGRJ3v_MLRP_2iwws8VN2azESrj%26pid%3DER14125","2014-01-08 19:00:03","wrongSeg","ER14125"
"74.207.227.126/nl/fromg.php?uid=ER14130&segment=2&Quota4=1&return=https%3A%2F%2Ferasmusrim.eu.qualtrics.com%2FSE%2F%3FQ_DL%3D2hF1fZlSDkTG5Mh_71AihwuFeXGRJ3v_MLRP_0oyotb1ffbmujPL%26pid%3DER14130","2014-01-09 17:22:22","oldID","ER14130"
"74.207.227.126/nl/fromg.php?uid=ER14130&segment=2&Quota4=1&return=https%3A%2F%2Ferasmusrim.eu.qualtrics.com%2FSE%2F%3FQ_DL%3D2hF1fZlSDkTG5Mh_71AihwuFeXGRJ3v_MLRP_0oyotb1ffbmujPL%26pid%3DER14130","2014-01-09 17:23:27","oldID","ER14130"
"74.207.227.126/nl/fromg.php?uid=ER14132&segment=4&Quota4=1&return=https%3A%2F%2Ferasmusrim.eu.qualtrics.com%2FSE%2F%3FQ_DL%3D2hF1fZlSDkTG5Mh_71AihwuFeXGRJ3v_MLRP_7aolOdm5RV427tP%26pid%3DER14132","2014-01-09 17:33:37","wrongSeg","ER14132"
"74.207.227.126/nl/fromg.php?uid=ER14132&segment=4&Quota4=1&return=https%3A%2F%2Ferasmusrim.eu.qualtrics.com%2FSE%2F%3FQ_DL%3D2hF1fZlSDkTG5Mh_71AihwuFeXGRJ3v_MLRP_7aolOdm5RV427tP%26pid%3DER14132","2014-01-09 17:33:41","wrongSeg","ER14132"
"74.207.227.126/nl/fromg.php?uid=ER14132&segment=4&Quota4=1&return=https%3A%2F%2Ferasmusrim.eu.qualtrics.com%2FSE%2F%3FQ_DL%3D2hF1fZlSDkTG5Mh_71AihwuFeXGRJ3v_MLRP_7aolOdm5RV427tP%26pid%3DER14132","2014-01-09 17:33:41","oldID","ER14132"
"74.207.227.126/nl/fromg.php?uid=ER14133&segment=4&Quota4=1&return=https%3A%2F%2Ferasmusrim.eu.qualtrics.com%2FSE%2F%3FQ_DL%3D2hF1fZlSDkTG5Mh_71AihwuFeXGRJ3v_MLRP_cYYPbMHaQ7nxyW9%26pid%3DER14133","2014-01-09 17:37:17","wrongSeg","ER14133"
"74.207.227.126/nl/fromg.php?uid=ER14133&segment=4&Quota4=1&return=https%3A%2F%2Ferasmusrim.eu.qualtrics.com%2FSE%2F%3FQ_DL%3D2hF1fZlSDkTG5Mh_71AihwuFeXGRJ3v_MLRP_cYYPbMHaQ7nxyW9%26pid%3DER14133","2014-01-09 17:37:20","wrongSeg","ER14133"
"74.207.227.126/nl/fromg.php?uid=ER14133&segment=4&Quota4=1&return=https%3A%2F%2Ferasmusrim.eu.qualtrics.com%2FSE%2F%3FQ_DL%3D2hF1fZlSDkTG5Mh_71AihwuFeXGRJ3v_MLRP_cYYPbMHaQ7nxyW9%26pid%3DER14133","2014-01-09 17:37:20","oldID","ER14133"
"74.207.227.126/nl/fromg.php?uid=ER14134&segment=4&Quota4=4&return=https%3A%2F%2Ferasmusrim.eu.qualtrics.com%2FSE%2F%3FQ_DL%3D2hF1fZlSDkTG5Mh_71AihwuFeXGRJ3v_MLRP_0HyCjTOzEmP8LvT%26pid%3DER14134","2014-01-09 17:39:46","wrongSeg","ER14134"
"74.207.227.126/nl/fromg.php?uid=ER14137&segment=4&Quota4=1&return=https%3A%2F%2Ferasmusrim.eu.qualtrics.com%2FSE%2F%3FQ_DL%3D2hF1fZlSDkTG5Mh_71AihwuFeXGRJ3v_MLRP_eznxfCIGrNoBb8h%26pid%3DER14137","2014-01-10 08:05:54","wrongSeg","ER14137"
"74.207.227.126/nl/fromg.php?uid=GM14012&segment=4&Quota4=2&return=https%3A%2F%2Ferasmusrim.eu.qualtrics.com%2FSE%2F%3FQ_DL%3D2hF1fZlSDkTG5Mh_71AihwuFeXGRJ3v_MLRP_bBLqX44JxTcD5M9%26pid%3DGM14012","2014-01-13 00:43:10","wrongSeg","GM14012"
"74.207.227.126/nl/fromg.php?uid=GO14110&segment=4&Quota4=3&return=https%3A%2F%2Ferasmusrim.eu.qualtrics.com%2FSE%2F%3FQ_DL%3D2hF1fZlSDkTG5Mh_71AihwuFeXGRJ3v_MLRP_afnNIO69Cd2wAS1%26pid%3DGO14110%26source%3D2","2014-01-13 13:44:56","wrongSeg","GO14110"
"74.207.227.126/nl/fromg.php?uid=FF14004&segment=4&Quota4=2&return=https%3A%2F%2Ferasmusrim.eu.qualtrics.com%2FSE%2F%3FQ_DL%3D2hF1fZlSDkTG5Mh_71AihwuFeXGRJ3v_MLRP_cCpSUqdTkTIicpn%26pid%3DFF14004","2014-01-13 14:59:05","wrongSeg","FF14004"
"74.207.227.126/nl/fromg.php?uid=ER14146&segment=4&Quota4=3&return=https%3A%2F%2Ferasmusrim.eu.qualtrics.com%2FSE%2F%3FQ_DL%3D2hF1fZlSDkTG5Mh_71AihwuFeXGRJ3v_MLRP_6nSoaanCyKC8Q1T%26pid%3DER14146","2014-01-18 09:19:22","wrongSeg","ER14146"
"74.207.227.126/nl/fromg.php?uid=FF14170&segment=4&Quota4=1&return=https%3A%2F%2Ferasmusrim.eu.qualtrics.com%2FSE%2F%3FQ_DL%3D2hF1fZlSDkTG5Mh_71AihwuFeXGRJ3v_MLRP_3n481UA6jt6n51b%26pid%3DFF14170","2014-01-19 06:22:17","wrongSeg","FF14170"
"stimID","stimName"
"userid","segment","cell","timestamp","done","doneTime"
"ER14121","3","2","2014-01-08 17:09:44","True","2014-01-08 17:09:44"
"ER14122","3","3","2014-01-08 17:18:48","True","2014-01-08 17:18:48"
"ER14123","2","4","2014-01-08 17:42:43","True","2014-01-08 17:42:43"
"ER14124","1","4","2014-01-08 17:51:22","True","2014-01-08 17:51:22"
"12412421313","0","0","2014-01-08 17:54:26",,"2014-01-08 17:54:26"
"12313","0","0","2014-01-08 18:55:02","True","2014-01-08 18:55:02"
"ER14125","4","3","2014-01-08 19:02:25","True","2014-01-08 19:02:25"
"ER14128","3","4","2014-01-08 19:46:43","True","2014-01-08 19:46:43"
"ER14129","2","3","2014-01-09 07:26:52","True","2014-01-09 07:26:52"
"moj106","3","3","2014-01-09 11:13:36",,"2014-01-09 11:13:36"
"moj104","3","3","2014-01-09 10:18:48",,"2014-01-09 10:18:48"
"moj103","3","3","2014-01-09 10:06:15",,"2014-01-09 10:06:15"
"moj102","3","3","2014-01-09 09:53:27","True","2014-01-09 09:53:27"
"moj101","3","3","2014-01-09 09:48:35","True","2014-01-09 09:48:35"
"moj107","3","3","2014-01-09 11:40:14",,"2014-01-09 11:40:14"
"moj108","3","3","2014-01-09 11:41:28",,"2014-01-09 11:41:28"
"moj109","3","3","2014-01-09 11:57:26",,"2014-01-09 11:57:26"
"moj1010","3","3","2014-01-09 12:08:44",,"2014-01-09 12:08:44"
"moj1011","3","3","2014-01-09 12:16:55",,"2014-01-09 12:16:55"
"ER14130","2","1","2014-01-09 17:22:13",,"2014-01-09 17:22:13"
"ER14131","2","4","2014-01-09 17:30:37","True","2014-01-09 17:30:37"
"ER14132","4","1","2014-01-09 17:33:37",,"2014-01-09 17:33:37"
"ER14133","4","1","2014-01-09 17:37:17",,"2014-01-09 17:37:17"
"ER14134","4","4","2014-01-09 17:39:46",,"2014-01-09 17:39:46"
"ER14135","2","1","2014-01-09 17:49:35",,"2014-01-09 17:49:35"
"ER14136","3","3","2014-01-09 17:51:47",,"2014-01-09 17:51:47"
"moj1022","2","1","2014-01-09 19:53:23",,"2014-01-09 19:53:23"
"moj10","2","1","2014-01-09 19:59:34",,"2014-01-09 19:59:34"
"moj1033","2","1","2014-01-09 23:47:25",,"2014-01-09 23:47:25"
"ER14137","4","1","2014-01-10 08:06:23","True","2014-01-10 08:06:23"
"GM14001","1","4","2014-01-10 13:06:25","True","2014-01-10 13:06:25"
"GM14002","2","4","2014-01-10 13:26:31","True","2014-01-10 13:26:31"
"GM14003","1","2","2014-01-10 13:43:02","True","2014-01-10 13:43:02"
"GM14004","1","1","2014-01-11 00:11:57","True","2014-01-11 00:11:57"
"GM14005","1","2","2014-01-11 00:28:53","True","2014-01-11 00:28:53"
"GM14006","1","1","2014-01-11 00:58:32","True","2014-01-11 00:58:32"
"ER14021","3","1","2014-01-12 09:42:18","True","2014-01-12 09:42:18"
"FF14003","3","4","2014-01-12 16:41:01","True","2014-01-12 16:41:01"
"ER14062","3","1","2014-01-12 18:31:54","True","2014-01-12 18:31:54"
"GM14007","1","2","2014-01-12 22:51:40","True","2014-01-12 22:51:40"
"GM14008","1","1","2014-01-12 23:15:09","True","2014-01-12 23:15:09"
"GM14009","1","2","2014-01-12 23:44:37","True","2014-01-12 23:44:37"
"GM14010","2","3","2014-01-13 00:03:21","True","2014-01-13 00:03:21"
"GM14011","3","2","2014-01-13 00:19:56","True","2014-01-13 00:19:56"
"GM14012","4","2","2014-01-13 00:46:09","True","2014-01-13 00:46:09"
"GM14014","1","3","2014-01-13 01:12:19","True","2014-01-13 01:12:19"
"GM14018","3","4","2014-01-13 03:37:30","True","2014-01-13 03:37:30"
"FF14009","1","4","2014-01-13 05:21:28","True","2014-01-13 05:21:28"
"FF14011","1","2","2014-01-13 06:38:50","True","2014-01-13 06:38:50"
"GO14001","2","4","2014-01-13 11:36:03","True","2014-01-13 11:36:03"
"GO14110","4","3","2014-01-13 13:49:21","True","2014-01-13 13:49:21"
"FF14004","4","2","2014-01-13 14:59:05",,"2014-01-13 14:59:05"
"2223423324324422013","2","3","2014-01-13 16:54:03",,"2014-01-13 16:54:03"
"2223423422013","2","3","2014-01-14 03:14:57",,"2014-01-14 03:14:57"
"ER14146","4","3","2014-01-18 09:22:19","True","2014-01-18 09:22:19"
"FF14170","4","1","2014-01-19 06:23:13","True","2014-01-19 06:23:13"
"FF14174","2","1","2014-01-19 08:52:43","True","2014-01-19 08:52:43"
"FF14177","2","3","2014-01-19 09:29:00","True","2014-01-19 09:29:00"
"CINTNL3150000","1","3","2014-01-19 18:13:09",,"2014-01-19 18:13:09"
"userID","stimID","timestamp","actionType","user_stimuli_actionsID","target"
"ER14122","3","2014-01-08 17:12:45","click","1","null"
"ER14122","3","2014-01-08 17:13:54","click","2","like"
"ER14122","3","2014-01-08 17:13:56","click","3","null"
"ER14122","3","2014-01-08 17:13:56","click","4","null"
"ER14122","3","2014-01-08 17:13:59","click","5","null"
"ER14122","3","2014-01-08 17:14:00","click","6","null"
"ER14122","3","2014-01-08 17:14:03","click","7","null"
"ER14122","3","2014-01-08 17:14:15","click","8","commentBox"
"ER14123","3","2014-01-08 17:27:10","click","9","like"
"ER14124","3","2014-01-08 17:46:04","click","10","like"
"ER14124","3","2014-01-08 17:46:06","click","11","null"
"ER14125","3","2014-01-08 19:00:13","click","12","like"
"moj1010","3","2014-01-09 12:11:31","click","14","photo"
"moj1011","3","2014-01-09 12:17:16","click","15","photo"
"moj1011","3","2014-01-09 12:18:40","click","16","photo"
"ER14134","3","2014-01-09 17:43:18","click","17","like"
"ER14134","3","2014-01-09 17:44:22","click","18","photo"
"ER14136","3","2014-01-09 17:53:52","click","19","like"
"GM14002","3","2014-01-10 13:23:39","click","20","photo"
"GM14002","3","2014-01-10 13:24:07","click","21","photo"
"FF14003","3","2014-01-12 16:39:41","click","22","null"
"FF14003","3","2014-01-12 16:40:41","click","23","null"
"FF14003","3","2014-01-12 16:40:45","click","24","null"
"FF14003","3","2014-01-12 16:40:52","click","25","null"
"GM14010","3","2014-01-13 00:00:02","click","26","photo"
"GM14010","3","2014-01-13 00:00:28","click","27","photo"
"GM14010","3","2014-01-13 00:01:24","click","28","photo"
"GM14014","3","2014-01-13 01:09:38","click","29","photo"
"GM14014","3","2014-01-13 01:10:21","click","30","photo"
"GM14018","3","2014-01-13 03:36:08","click","31","photo"
"FF14009","3","2014-01-13 05:18:10","click","32","null"
"GO14001","3","2014-01-13 11:33:30","click","33","null"
"GO14001","3","2014-01-13 11:33:37","click","34","photo"
"GO14110","3","2014-01-13 13:47:00","click","35","null"
"GO14110","3","2014-01-13 13:47:01","click","36","photo"
"GO14110","3","2014-01-13 13:47:36","click","37","photo"
"ER14146","3","2014-01-18 09:20:47","click","38","null"
"ER14146","3","2014-01-18 09:21:33","click","39","like"
"ER14146","3","2014-01-18 09:21:42","click","40","photo"
"ER14146","3","2014-01-18 09:22:13","click","41","commentBox"
"FF14177","3","2014-01-19 09:27:25","click","42","like"
"userID","stimID","timestamp","url","users_stimuli_browsinghistoryID","time"
"ER14121","0","2014-01-08 17:05:01","http://74.207.227.126/nl/tv/tv.html","1","1389218698081"
"ER14121","0","2014-01-08 17:06:11","http://74.207.227.126/nl/tv/tv.html","2","1389218702648"
"ER14121","0","2014-01-08 17:09:06","http://74.207.227.126/nl/tv/tv.html","3","1389218772908"
"ER14122","1","2014-01-08 17:12:31","https://www.facebook.com/","4","1389219146969"
"ER14122","1","2014-01-08 17:14:50","https://www.facebook.com/","5","1389219154062"
"ER14122","1","2014-01-08 17:14:50","https://www.facebook.com/groups/163170737174070/267597630064713/?notif_t=group_comment","6","1389219280016"
"ER14123","1","2014-01-08 17:29:45","https://www.facebook.com/","7","1389220028028"
"ER14123","0","2014-01-08 17:31:21","http://74.207.227.126/nl/tv/tv.html","8","1389220187126"
"ER14124","1","2014-01-08 17:48:53","https://www.facebook.com/","9","1389221155751"
"ER14124","0","2014-01-08 17:50:44","http://74.207.227.126/nl/tv/tv.html","10","1389221343898"
"ER14125","1","2014-01-08 19:00:16","https://www.facebook.com/","11","1389225610126"
"ER14125","1","2014-01-08 19:01:08","https://www.facebook.com/","12","1389225620324"
"ER14125","1","2014-01-08 19:02:25","https://www.facebook.com/","13","1389225675038"
"ER14128","1","2014-01-08 19:35:26","https://www.facebook.com/","14","1389227588957"
"ER14128","0","2014-01-08 19:46:43","http://74.207.227.126/nl/tv/tv.html","15","1389228240129"
"ER14129","1","2014-01-09 07:26:52","https://www.facebook.com/","16","1389270412715"
"moj101","1","2014-01-09 09:48:34","http://www.youtube.com/watch?v=KFfNkYHkYU0","21","1389278750032"
"moj101","1","2014-01-09 09:48:34","https://mail.google.com/mail/u/0/#search/qui/142af463e1b10faf?compose=1437779b0218bb80","22","1389278902042"
"moj101","1","2014-01-09 09:48:34","https://www.facebook.com/","20","1389278735536"
"moj101","1","2014-01-09 09:48:35","https://mail.google.com/mail/u/0/#inbox/143777754552c059","23","1389278756216"
"moj101","1","2014-01-09 09:48:35","http://www.youtube.com/results?search_query=cabaret+justin+timberlake&sm=3","24","1389278744088"
"moj102","1","2014-01-09 09:53:26","https://www.facebook.com/","25","1389279045446"
"moj102","1","2014-01-09 09:53:26","https://mail.google.com/mail/u/0/#search/qui/142af463e1b10faf?compose=143777cb33ffa228","26","1389279099235"
"moj102","1","2014-01-09 09:53:27","http://www.youtube.com/watch?v=NJ9pYU-fa18","27","1389279141528"
"moj103","1","2014-01-09 10:09:14","https://www.facebook.com/","28","1389280000654"
"moj104","1","2014-01-09 10:19:22","https://www.facebook.com/","29","1389280757878"
"moj104","1","2014-01-09 10:22:15","https://www.facebook.com/","30","1389280775877"
"moj104","1","2014-01-09 10:22:15","http://thoughtcatalog.com/brianna-wiest/2014/01/18-things-women-shouldnt-have-to-justify/","31","1389280808657"
"moj106","1","2014-01-09 11:16:38","https://www.facebook.com/","32","1389284031980"
"moj106","1","2014-01-09 11:16:39","http://www.youtube.com/watch?v=jopEOfTEuxw","33","1389284066673"
"moj108","1","2014-01-09 11:45:53","https://www.facebook.com/","34","1389285751042"
"moj108","1","2014-01-09 11:45:53","https://fundly.com/paws-for-safety?ft_src=fb_share","35","1389285774850"
"moj108","1","2014-01-09 11:45:53","http://www.youtube.com/results?search_query=hip+hop+hooray+naughty+by+nature+&sm=3","36","1389285821333"
"moj108","1","2014-01-09 11:45:54","http://www.youtube.com/watch?v=vr-klwxKhow","37","1389285824641"
"moj109","1","2014-01-09 11:59:03","https://www.facebook.com/","38","1389286663791"
"moj1010","1","2014-01-09 12:11:08","http://www.youtube.com/watch?v=WL2txMU50CI","39","1389287344625"
"moj1010","1","2014-01-09 12:11:08","https://www.facebook.com/","40","1389287338458"
"moj1010","1","2014-01-09 12:13:26","https://www.facebook.com/photo.php?fbid=686133754739753&set=pb.197368453616288.-2207520000.1386589641.&type=1&theater","41","1389287493343"
"moj1010","1","2014-01-09 12:13:26","https://www.facebook.com/","42","1389287496167"
"moj1010","1","2014-01-09 12:13:26","http://www.youtube.com/watch?v=Oai1V7kaFBk","43","1389287602127"
"moj1011","1","2014-01-09 12:17:21","https://www.facebook.com/","44","1389287828483"
"moj1011","1","2014-01-09 12:17:21","https://www.facebook.com/photo.php?fbid=686133754739753&set=pb.197368453616288.-2207520000.1386589641.&type=1&theater","45","1389287838886"
"moj1011","1","2014-01-09 12:20:22","https://www.facebook.com/photo.php?fbid=686133754739753&set=pb.197368453616288.-2207520000.1386589641.&type=1&theater","46","1389287922126"
"moj1011","1","2014-01-09 12:20:22","http://www.youtube.com/results?search_query=jon+dont+talk&sm=3","47","1389287936589"
"moj1011","1","2014-01-09 12:20:23","https://www.facebook.com/","48","1389287916333"
"moj1011","1","2014-01-09 12:20:23","http://www.youtube.com/watch?v=hDM-XA0-8g4","49","1389287939378"
"ER14131","0","2014-01-09 17:28:32","http://74.207.227.126/nl/tv/tv.html","50","1389306543825"
"ER14131","1","2014-01-09 17:30:37","https://www.facebook.com/","51","1389306665176"
"ER14134","1","2014-01-09 17:41:23","https://www.facebook.com/","52","1389307310911"
"ER14134","1","2014-01-09 17:41:38","https://www.facebook.com/","53","1389307404126"
"ER14134","1","2014-01-09 17:43:12","https://www.facebook.com/","54","1389307418111"
"ER14134","1","2014-01-09 17:44:27","https://www.facebook.com/","55","1389307581006"
"ER14134","1","2014-01-09 17:44:28","https://www.facebook.com/photo.php?fbid=686133754739753&set=pb.197368453616288.-2207520000.1386589641.&type=1&theater","56","1389307579928"
"ER14136","1","2014-01-09 17:53:44","https://www.facebook.com/","57","1389308038740"
"ER14137","2","2014-01-10 08:06:04","http://74.207.227.126/gm_media/nl/dutchcontrol.htm","58","1389359159256"
"ER14137","2","2014-01-10 08:06:22","http://74.207.227.126/gm_media/nl/dutchcontrol.htm","59","1389359165810"
"GM14001","0","2014-01-10 13:03:22","http://74.207.227.126/nl/tv/tv.html","60","1389376925353"
"GM14001","1","2014-01-10 13:06:25","https://www.facebook.com/","61","1389377080019"
"GM14001","1","2014-01-10 13:06:25","https://www.facebook.com/login.php?login_attempt=1","62","1389377077321"
"GM14002","1","2014-01-10 13:23:07","https://www.facebook.com/","63","1389378067264"
"GM14002","1","2014-01-10 13:23:53","https://www.facebook.com/","64","1389378207232"
"GM14002","1","2014-01-10 13:23:54","https://www.facebook.com/photo.php?fbid=686133754739753&set=pb.197368453616288.-2207520000.1386589641.&type=1&theater","65","1389378219214"
"GM14002","1","2014-01-10 13:24:59","https://www.facebook.com/","66","1389378239804"
"GM14002","1","2014-01-10 13:25:00","https://www.facebook.com/photo.php?fbid=686133754739753&set=pb.197368453616288.-2207520000.1386589641.&type=1&theater","67","1389378247362"
"GM14002","0","2014-01-10 13:26:31","http://74.207.227.126/nl/tv/tv.html","68","1389378320763"
"GM14003","0","2014-01-10 13:43:02","http://74.207.227.126/nl/tv/tv.html","69","1389379292713"
"GM14004","2","2014-01-11 00:11:57","http://74.207.227.126/gm_media/nl/dutchcontrol.htm","70","1389417056767"
"GM14005","0","2014-01-11 00:27:13","http://74.207.227.126/nl/tv/tv.html","71","1389417972093"
"GM14005","0","2014-01-11 00:28:53","http://74.207.227.126/nl/tv/tv.html","72","1389418036728"
"GM14006","2","2014-01-11 00:53:16","http://74.207.227.126/gm_media/nl/dutchcontrol.htm","73","1389419578074"
"GM14006","2","2014-01-11 00:58:32","http://74.207.227.126/gm_media/nl/dutchcontrol.htm","74","1389419620244"
"ER14021","2","2014-01-12 09:42:17","http://74.207.227.126/gm_media/nl/dutchcontrol.htm","75","1389537673860"
"FF14003","0","2014-01-12 16:30:30","http://74.207.227.126/nl/tv/tv.html","76","1389562193259"
"FF14003","0","2014-01-12 16:31:30","http://74.207.227.126/nl/tv/tv.html","77","1389562247774"
"FF14003","0","2014-01-12 16:37:36","http://74.207.227.126/nl/tv/tv.html","78","1389562538349"
"FF14003","1","2014-01-12 16:41:00","https://www.facebook.com/","79","1389562761180"
"ER14062","2","2014-01-12 18:31:48","http://74.207.227.126/gm_media/nl/dutchcontrol.htm","80","1389569480686"
"GM14007","0","2014-01-12 22:51:40","http://74.207.227.126/nl/tv/tv.html","81","1389585022970"
"GM14008","2","2014-01-12 23:14:06","http://74.207.227.126/gm_media/nl/dutchcontrol.htm","82","1389586439910"
"GM14008","2","2014-01-12 23:15:09","http://74.207.227.126/gm_media/nl/dutchcontrol.htm","83","1389586478026"
"GM14009","0","2014-01-12 23:43:02","http://74.207.227.126/nl/tv/tv.html","84","1389588147529"
"GM14009","0","2014-01-12 23:44:37","http://74.207.227.126/nl/tv/tv.html","85","1389588199650"
"GM14010","1","2014-01-13 00:00:08","https://www.facebook.com/","86","1389589193876"
"GM14010","1","2014-01-13 00:00:08","https://www.facebook.com/photo.php?fbid=686133754739753&set=pb.197368453616288.-2207520000.1386589641.&type=1&theater","87","1389589202596"
"GM14010","1","2014-01-13 00:01:16","https://www.facebook.com/","88","1389589224070"
"GM14010","1","2014-01-13 00:01:17","https://www.facebook.com/photo.php?fbid=686133754739753&set=pb.197368453616288.-2207520000.1386589641.&type=1&theater","89","1389589228007"
"GM14010","1","2014-01-13 00:03:20","https://www.facebook.com/","90","1389589281129"
"GM14010","1","2014-01-13 00:03:21","https://www.facebook.com/photo.php?fbid=686133754739753&set=pb.197368453616288.-2207520000.1386589641.&type=1&theater","91","1389589284109"
"GM14011","0","2014-01-13 00:18:33","http://74.207.227.126/nl/tv/tv.html","92","1389590244825"
"GM14011","0","2014-01-13 00:19:56","http://74.207.227.126/nl/tv/tv.html","93","1389590315821"
"GM14012","0","2014-01-13 00:44:27","http://74.207.227.126/nl/tv/tv.html","94","1389591800134"
"GM14012","0","2014-01-13 00:46:08","http://74.207.227.126/nl/tv/tv.html","95","1389591869492"
"GM14014","1","2014-01-13 01:09:44","https://www.facebook.com/","96","1389593370910"
"GM14014","1","2014-01-13 01:09:44","https://www.facebook.com/photo.php?fbid=672772239423773&set=pb.114163275284675.-2207520000.1386594806.&type=3&theater","97","1389593378310"
"GM14014","1","2014-01-13 01:12:18","https://www.facebook.com/photo.php?fbid=672772239423773&set=pb.114163275284675.-2207520000.1386594806.&type=3&theater","98","1389593421477"
"GM14014","1","2014-01-13 01:12:19","https://www.facebook.com/","99","1389593416711"
"GM14018","0","2014-01-13 03:35:40","http://74.207.227.126/nl/tv/tv.html","100","1389601995862"
"GM14018","1","2014-01-13 03:37:29","https://www.facebook.com/photo.php?fbid=686133754739753&set=pb.197368453616288.-2207520000.1386589641.&type=1&theater","101","1389602168471"
"GM14018","1","2014-01-13 03:37:30","https://www.facebook.com/","102","1389602146937"
"FF14009","1","2014-01-13 04:44:33","https://www.facebook.com/","103","1389606264678"
"FF14009","1","2014-01-13 05:15:00","https://www.facebook.com/?q=#/schoffelstudent?ref=hl","104","1389606709911"
"FF14009","1","2014-01-13 05:15:00","https://chrome.google.com/webstore/category/apps","105","1389608062258"
"FF14009","1","2014-01-13 05:15:00","https://www.facebook.com/schoffelstudent?ref=hl","106","1389606714735"
"FF14009","1","2014-01-13 05:15:01","https://www.facebook.com/","107","1389608067128"
"FF14009","1","2014-01-13 05:16:07","https://www.facebook.com/","108","1389608143682"
"FF14009","1","2014-01-13 05:16:30","https://www.facebook.com/","109","1389608179614"
"FF14009","1","2014-01-13 05:16:30","https://www.facebook.com/?q=#/schoffelstudent?ref=hl","110","1389608181446"
"FF14009","1","2014-01-13 05:16:31","https://www.facebook.com/schoffelstudent?ref=hl","111","1389608185640"
"FF14009","1","2014-01-13 05:18:55","https://www.facebook.com/peugeotnederland?hc_location=stream","112","1389608289996"
"FF14009","1","2014-01-13 05:18:55","https://www.facebook.com/","113","1389608274647"
"FF14009","0","2014-01-13 05:21:26","http://74.207.227.126/nl/tv/tv.html","114","1389608374383"
"FF14011","0","2014-01-13 06:38:49","http://74.207.227.126/nl/tv/tv.html","115","1389613041073"
"FF14011","0","2014-01-13 06:38:49","http://74.207.227.126/nl/tv/videos/Peugeot%20107.theora.ogv","116","1389613120016"
"FF14011","0","2014-01-13 06:38:49","http://74.207.227.126/nl/tv/videos/Peugeot%20107.oggtheora.ogv","117","1389613148648"
"FF14011","0","2014-01-13 06:38:50","http://74.207.227.126/nl/tv/videos/Peugeot%20107.mp4","118","1389613160375"
"FF14011","0","2014-01-13 06:38:50","http://74.207.227.126/nl/tv/videos/","119","1389613158949"
"GO14001","0","2014-01-13 11:31:58","http://74.207.227.126/nl/tv/tv.html","120","1389630610102"
"GO14001","1","2014-01-13 11:33:14","https://www.facebook.com/","121","1389630744520"
"GO14001","1","2014-01-13 11:34:11","https://www.facebook.com/photo.php?fbid=686133754739753&set=pb.197368453616288.-2207520000.1386589641.&type=1&theater","122","1389630817873"
"GO14001","1","2014-01-13 11:34:12","https://www.facebook.com/","123","1389630841293"
"GO14001","1","2014-01-13 11:34:31","https://www.facebook.com/","124","1389630863500"
"GO14001","1","2014-01-13 11:36:03","https://www.facebook.com/","125","1389630874780"
"GO14110","1","2014-01-13 13:46:06","https://www.facebook.com/","126","1389638721280"
"GO14110","1","2014-01-13 13:49:20","https://www.facebook.com/","127","1389638957944"
"GO14110","1","2014-01-13 13:49:21","https://www.facebook.com/photo.php?fbid=686133754739753&set=pb.197368453616288.-2207520000.1386589641.&type=1&theater","128","1389638857287"
"FF14004","0","2014-01-13 15:00:05","http://74.207.227.126/nl/tv/tv.html","129","1389643214020"
"FF14004","0","2014-01-13 15:00:59","http://74.207.227.126/nl/tv/tv.html","130","1389643271569"
"FF14004","0","2014-01-13 15:01:36","http://74.207.227.126/nl/tv/tv.html","131","1389643353785"
"FF14004","0","2014-01-13 15:01:41","http://74.207.227.126/nl/tv/tv.html","132","1389643362969"
"ER14146","1","2014-01-18 09:22:18","https://www.facebook.com/photo.php?fbid=686133754739753&set=pb.197368453616288.-2207520000.1386589641.&type=1&theater","133","1390055048426"
"ER14146","1","2014-01-18 09:22:18","https://www.facebook.com/","134","1390055052295"
"FF14170","2","2014-01-19 06:22:56","http://74.207.227.126/nl/artikel.htm","135","1390130558163"
"FF14170","2","2014-01-19 06:23:13","http://74.207.227.126/nl/artikel.htm","136","1390130579762"
"FF14174","2","2014-01-19 08:52:42","http://74.207.227.126/nl/artikel.htm","137","1390139469640"
"FF14177","1","2014-01-19 09:27:13","https://www.facebook.com/login.php?login_attempt=1","138","1390141498093"
"FF14177","1","2014-01-19 09:27:14","https://www.facebook.com/","139","1390141499620"
"FF14177","1","2014-01-19 09:29:00","https://www.facebook.com/","140","1390141642834"
"userID","stimID","timestamp","enforcementType","users_stimuli_enforcementID"
"ER14121","0","2014-01-08 17:05:01","hardEnforce","0"
"userid","stim1","stim2","stim3"
"ER14121","0","-1","-1"
"ER14122","1","-1","-1"
"ER14123","1","0","-1"
"ER14124","1","0","-1"
"12412421313","-1","-1","-1"
"12313","-1","-1","-1"
"ER14125","1","-1","-1"
"ER14128","1","0","-1"
"ER14129","1","-1","-1"
"moj106","1","-1","-1"
"moj104","1","-1","-1"
"moj103","1","-1","-1"
"moj102","1","-1","-1"
"moj101","1","-1","-1"
"moj107","1","-1","-1"
"moj108","1","-1","-1"
"moj109","1","-1","-1"
"moj1010","1","-1","-1"
"moj1011","1","-1","-1"
"ER14130","2","-1","-1"
"ER14131","0","1","-1"
"ER14132","2","-1","-1"
"ER14133","2","-1","-1"
"ER14134","1","0","-1"
"ER14135","2","-1","-1"
"ER14136","1","-1","-1"
"moj1022","2","-1","-1"
"moj10","2","-1","-1"
"moj1033","2","-1","-1"
"ER14137","2","-1","-1"
"GM14001","0","1","-1"
"GM14002","1","0","-1"
"GM14003","0","-1","-1"
"GM14004","2","-1","-1"
"GM14005","0","-1","-1"
"GM14006","2","-1","-1"
"ER14021","2","-1","-1"
"FF14003","0","1","-1"
"ER14062","2","-1","-1"
"GM14007","0","-1","-1"
"GM14008","2","-1","-1"
"GM14009","0","-1","-1"
"GM14010","1","-1","-1"
"GM14011","0","-1","-1"
"GM14012","0","-1","-1"
"GM14014","1","-1","-1"
"GM14018","0","1","-1"
"FF14009","1","0","-1"
"FF14011","0","-1","-1"
"GO14001","0","1","-1"
"GO14110","1","-1","-1"
"FF14004","0","-1","-1"
"2223423324324422013","1","-1","-1"
"2223423422013","1","-1","-1"
"ER14146","1","-1","-1"
"FF14170","2","-1","-1"
"FF14174","2","-1","-1"
"FF14177","1","-1","-1"
"CINTNL3150000","1","-1","-1"
"userID","stimID","starttime","stoptime","users_stimuli_startstopID","enforceStatus"
"ER14121","0","2014-01-08 17:04:58","2014-01-08 17:09:07","1","none"
"ER14121","0","2014-01-08 17:05:02","2014-01-08 17:09:07","2","hard"
"ER14121","0","2014-01-08 17:06:12","2014-01-08 17:09:07","3","hard"
"ER14122","1","2014-01-08 17:12:14","2014-01-08 17:14:49","4","none"
"ER14122","1","2014-01-08 17:12:32","2014-01-08 17:14:49","5","hard"
"ER14123","1","2014-01-08 17:27:06","2014-01-08 17:29:45","6","none"
"ER14123","0","2014-01-08 17:29:46","2014-01-08 17:31:21","7","none"
"ER14124","1","2014-01-08 17:45:54","2014-01-08 17:48:53","8","none"
"ER14124","0","2014-01-08 17:49:03","2014-01-08 17:50:44","9","none"
"ER14125","1","2014-01-08 19:00:08","2014-01-08 19:02:25","10","none"
"ER14125","1","2014-01-08 19:00:17","2014-01-08 19:02:25","11","hard"
"ER14125","1","2014-01-08 19:01:13","2014-01-08 19:02:25","12","hard"
"ER14128","1","2014-01-08 19:33:05","2014-01-08 19:35:26","13","none"
"ER14128","0","2014-01-08 19:36:24","2014-01-08 19:46:43","14","none"
"ER14128","0","2014-01-08 19:44:00","2014-01-08 19:46:43","15","none"
"ER14129","1","2014-01-09 07:24:35","2014-01-09 07:26:52","16","none"
"moj103","1","2014-01-09 10:06:36","2014-01-09 10:09:14","23","none"
"moj102","1","2014-01-09 09:50:39","2014-01-09 09:53:26","22","none"
"moj101","1","2014-01-09 09:45:28","2014-01-09 09:48:34","21","none"
"moj104","1","2014-01-09 10:19:13","2014-01-09 10:22:15","24","none"
"moj104","1","2014-01-09 10:19:33","2014-01-09 10:22:15","25","hard"
"moj106","1","2014-01-09 11:13:44","2014-01-09 11:16:38","26","none"
"moj108","1","2014-01-09 11:41:41","2014-01-09 11:45:53","27","none"
"moj108","1","2014-01-09 11:42:01","2014-01-09 11:45:53","28","none"
"moj108","1","2014-01-09 11:42:27","2014-01-09 11:45:53","29","hard"
"moj109","1","2014-01-09 11:57:37","2014-01-09 11:59:03","30","none"
"moj1010","1","2014-01-09 12:08:54","2014-01-09 12:13:26","31","none"
"moj1010","1","2014-01-09 12:11:24","2014-01-09 12:13:26","32","hard"
"moj1011","1","2014-01-09 12:17:01","2014-01-09 12:20:22","33","hard"
"moj1011","1","2014-01-09 12:18:32","2014-01-09 12:20:22","34","hard"
"ER14130","2","2014-01-09 17:23:53","2014-01-09 17:23:57","35","none"
"ER14131","0","2014-01-09 17:27:06","2014-01-09 17:28:32","36","hard"
"ER14131","1","2014-01-09 17:28:45","2014-01-09 17:30:36","37","none"
"ER14134","1","2014-01-09 17:39:52","2014-01-09 17:44:27","38","hard"
"ER14134","1","2014-01-09 17:41:25","2014-01-09 17:44:27","39","hard"
"ER14134","1","2014-01-09 17:41:40","2014-01-09 17:44:27","40","hard"
"ER14134","1","2014-01-09 17:43:13","2014-01-09 17:44:27","41","hard"
"ER14136","1","2014-01-09 17:51:51","2014-01-09 17:53:44","42","hard"
"ER14136","1","2014-01-09 17:53:47","0000-00-00 00:00:00","43","hard"
"moj10","2","2014-01-09 19:59:46","0000-00-00 00:00:00","44","none"
"moj1033","2","2014-01-09 23:47:37","0000-00-00 00:00:00","45","none"
"ER14137","2","2014-01-10 08:05:59","2014-01-10 08:06:22","46","none"
"ER14137","2","2014-01-10 08:06:05","2014-01-10 08:06:22","47","hard"
"GM14001","0","2014-01-10 13:02:05","2014-01-10 13:03:22","48","none"
"GM14001","1","2014-01-10 13:03:38","2014-01-10 13:06:25","49","none"
"GM14002","1","2014-01-10 13:20:47","2014-01-10 13:24:59","50","none"
"GM14002","1","2014-01-10 13:23:25","2014-01-10 13:24:59","51","hard"
"GM14002","1","2014-01-10 13:23:59","2014-01-10 13:24:59","52","hard"
"GM14002","0","2014-01-10 13:25:21","2014-01-10 13:26:31","53","none"
"GM14003","0","2014-01-10 13:41:33","2014-01-10 13:43:02","54","none"
"GM14004","2","2014-01-11 00:10:57","2014-01-11 00:11:57","55","none"
"GM14005","0","2014-01-11 00:26:12","2014-01-11 00:28:52","56","none"
"GM14005","0","2014-01-11 00:27:17","2014-01-11 00:28:52","57","hard"
"GM14006","2","2014-01-11 00:52:58","2014-01-11 00:58:31","58","none"
"GM14006","2","2014-01-11 00:53:40","2014-01-11 00:58:31","59","soft"
"ER14021","2","2014-01-12 09:41:17","2014-01-12 09:42:18","60","none"
"FF14003","0","2014-01-12 16:29:50","2014-01-12 16:37:36","61","none"
"FF14003","0","2014-01-12 16:30:38","2014-01-12 16:37:36","62","hard"
"FF14003","0","2014-01-12 16:30:45","2014-01-12 16:37:36","63","hard"
"FF14003","0","2014-01-12 16:30:45","2014-01-12 16:37:36","64","hard"
"FF14003","0","2014-01-12 16:35:36","2014-01-12 16:37:36","65","hard"
"FF14003","1","2014-01-12 16:39:16","2014-01-12 16:41:00","66","none"
"ER14062","2","2014-01-12 18:31:23","2014-01-12 18:31:48","67","none"
"GM14007","0","2014-01-12 22:50:23","2014-01-12 22:51:40","68","none"
"GM14008","2","2014-01-12 23:14:00","2014-01-12 23:15:09","69","none"
"GM14008","2","2014-01-12 23:14:38","2014-01-12 23:15:09","70","hard"
"GM14009","0","2014-01-12 23:42:27","2014-01-12 23:44:37","71","none"
"GM14009","0","2014-01-12 23:43:20","2014-01-12 23:44:37","72","hard"
"GM14010","1","2014-01-12 23:59:36","2014-01-13 00:03:21","73","none"
"GM14010","1","2014-01-13 00:00:23","2014-01-13 00:03:21","74","hard"
"GM14010","1","2014-01-13 00:01:20","2014-01-13 00:03:21","75","hard"
"GM14011","0","2014-01-13 00:17:25","2014-01-13 00:19:56","76","none"
"GM14011","0","2014-01-13 00:18:36","2014-01-13 00:19:56","77","hard"
"GM14012","0","2014-01-13 00:43:20","2014-01-13 00:46:09","78","none"
"GM14012","0","2014-01-13 00:44:29","2014-01-13 00:46:09","79","hard"
"GM14014","1","2014-01-13 01:09:00","2014-01-13 01:12:18","80","none"
"GM14014","1","2014-01-13 01:10:16","2014-01-13 01:12:18","81","hard"
"GM14018","0","2014-01-13 03:33:16","2014-01-13 03:35:41","82","none"
"GM14018","1","2014-01-13 03:35:45","2014-01-13 03:37:30","83","none"
"FF14009","1","2014-01-13 04:44:21","2014-01-13 05:18:55","84","none"
"FF14009","1","2014-01-13 04:51:44","2014-01-13 05:18:55","85","hard"
"FF14009","1","2014-01-13 05:15:26","2014-01-13 05:18:55","86","hard"
"FF14009","1","2014-01-13 05:16:16","2014-01-13 05:18:55","87","hard"
"FF14009","1","2014-01-13 05:17:51","2014-01-13 05:18:55","88","hard"
"FF14009","0","2014-01-13 05:19:34","2014-01-13 05:21:27","89","none"
"FF14011","0","2014-01-13 06:36:18","2014-01-13 06:38:49","90","none"
"GO14001","0","2014-01-13 11:30:10","2014-01-13 11:31:58","91","none"
"GO14001","1","2014-01-13 11:32:21","2014-01-13 11:36:03","92","none"
"GO14001","1","2014-01-13 11:33:24","2014-01-13 11:36:03","93","hard"
"GO14001","1","2014-01-13 11:34:22","2014-01-13 11:36:03","94","hard"
"GO14001","1","2014-01-13 11:34:33","2014-01-13 11:36:03","95","hard"
"GO14110","1","2014-01-13 13:45:11","2014-01-13 13:49:20","96","none"
"GO14110","1","2014-01-13 13:47:30","2014-01-13 13:49:20","97","hard"
"FF14004","0","2014-01-13 14:59:10","2014-01-13 15:01:40","98","none"
"FF14004","0","2014-01-13 15:00:07","2014-01-13 15:01:40","99","hard"
"FF14004","0","2014-01-13 15:01:30","2014-01-13 15:01:40","100","hard"
"FF14004","0","2014-01-13 15:01:39","2014-01-13 15:01:40","101","hard"
"FF14004","0","2014-01-13 15:01:43","0000-00-00 00:00:00","102","hard"
"ER14146","1","2014-01-18 09:19:46","2014-01-18 09:22:18","103","none"
"FF14170","2","2014-01-19 06:22:38","2014-01-19 06:23:13","104","none"
"FF14170","2","2014-01-19 06:22:59","2014-01-19 06:23:13","105","soft"
"FF14174","2","2014-01-19 08:51:09","2014-01-19 08:52:42","106","none"
"FF14177","1","2014-01-19 09:24:38","2014-01-19 09:29:00","107","none"
"FF14177","1","2014-01-19 09:27:21","2014-01-19 09:29:00","108","hard"
