"userID","stimID","timestamp","actionType","user_stimuli_actionsID","target"
"ER14122","3","2014-01-08 17:12:45","click","1","null"
"ER14122","3","2014-01-08 17:13:54","click","2","like"
"ER14122","3","2014-01-08 17:13:56","click","3","null"
"ER14122","3","2014-01-08 17:13:56","click","4","null"
"ER14122","3","2014-01-08 17:13:59","click","5","null"
"ER14122","3","2014-01-08 17:14:00","click","6","null"
"ER14122","3","2014-01-08 17:14:03","click","7","null"
"ER14122","3","2014-01-08 17:14:15","click","8","commentBox"
"ER14123","3","2014-01-08 17:27:10","click","9","like"
"ER14124","3","2014-01-08 17:46:04","click","10","like"
"ER14124","3","2014-01-08 17:46:06","click","11","null"
"ER14125","3","2014-01-08 19:00:13","click","12","like"
"moj1010","3","2014-01-09 12:11:31","click","14","photo"
"moj1011","3","2014-01-09 12:17:16","click","15","photo"
"moj1011","3","2014-01-09 12:18:40","click","16","photo"
"ER14134","3","2014-01-09 17:43:18","click","17","like"
"ER14134","3","2014-01-09 17:44:22","click","18","photo"
"ER14136","3","2014-01-09 17:53:52","click","19","like"
"GM14002","3","2014-01-10 13:23:39","click","20","photo"
"GM14002","3","2014-01-10 13:24:07","click","21","photo"
"FF14003","3","2014-01-12 16:39:41","click","22","null"
"FF14003","3","2014-01-12 16:40:41","click","23","null"
"FF14003","3","2014-01-12 16:40:45","click","24","null"
"FF14003","3","2014-01-12 16:40:52","click","25","null"
"GM14010","3","2014-01-13 00:00:02","click","26","photo"
"GM14010","3","2014-01-13 00:00:28","click","27","photo"
"GM14010","3","2014-01-13 00:01:24","click","28","photo"
"GM14014","3","2014-01-13 01:09:38","click","29","photo"
"GM14014","3","2014-01-13 01:10:21","click","30","photo"
"GM14018","3","2014-01-13 03:36:08","click","31","photo"
"FF14009","3","2014-01-13 05:18:10","click","32","null"
"GO14001","3","2014-01-13 11:33:30","click","33","null"
"GO14001","3","2014-01-13 11:33:37","click","34","photo"
"GO14110","3","2014-01-13 13:47:00","click","35","null"
"GO14110","3","2014-01-13 13:47:01","click","36","photo"
"GO14110","3","2014-01-13 13:47:36","click","37","photo"
"ER14146","3","2014-01-18 09:20:47","click","38","null"
"ER14146","3","2014-01-18 09:21:33","click","39","like"
"ER14146","3","2014-01-18 09:21:42","click","40","photo"
"ER14146","3","2014-01-18 09:22:13","click","41","commentBox"
"FF14177","3","2014-01-19 09:27:25","click","42","like"
"GMNL10096","3","2014-01-20 10:35:32","click","43","photo"
"SSINL2000018","3","2014-01-20 11:14:00","click","44","null"
"SSINL2000118","3","2014-01-20 15:05:23","click","45","photo"
"SSINL2000145","3","2014-01-20 16:38:02","click","46","photo"
"SSINL2000145","3","2014-01-20 16:44:16","click","47","photo"
"SSINL2000180","3","2014-01-20 18:53:27","click","48","photo"
"SSINL2000180","3","2014-01-20 18:54:07","click","49","null"
"SSINL2000187","3","2014-01-20 19:42:59","click","50","album"
"SSINL2000187","3","2014-01-20 19:55:46","click","51","Reageren"
"SSINL2000187","3","2014-01-20 19:55:51","click","52","Reageren"
"SSINL2000187","3","2014-01-20 19:56:02","click","53","null"
"SSINL2000191","3","2014-01-20 20:49:06","click","54","null"
"SSINL2000191","3","2014-01-20 20:49:26","click","55","Reageren"
"SSINL2000191","3","2014-01-20 20:49:28","click","56","Reageren"
"SSINL2000191","3","2014-01-20 20:49:37","click","57","photo"
"SSINL2000233","3","2014-01-21 04:46:16","click","58","null"
"SSINL2000286","3","2014-01-21 06:13:06","click","59","photo"
"SSINL2000286","3","2014-01-21 06:13:37","click","60","photo"
"SSINL2000286","3","2014-01-21 06:19:29","click","61","photo"
"SSINL2000286","3","2014-01-21 06:20:58","click","62","photo"
"SSINL2000307","3","2014-01-21 06:40:52","click","63","photo"
"SSINL2000308","3","2014-01-21 06:41:25","click","64","null"
"SSINL2000307","3","2014-01-21 06:41:35","click","65","photo"
"SSINL2000308","3","2014-01-21 06:42:00","click","66","photo"
"SSINL2000337","3","2014-01-21 07:34:42","click","67","null"
"SSINL2000337","3","2014-01-21 07:34:45","click","68","null"
"SSINL2000337","3","2014-01-21 07:34:46","click","69","null"
"SSINL2000364","3","2014-01-21 08:04:01","click","70","null"
"SSINL2000364","3","2014-01-21 08:04:02","click","71","like"
"SSINL2000364","3","2014-01-21 08:04:11","click","72","null"
"SSINL2000364","3","2014-01-21 08:04:13","click","73","null"
"SSINL2000424","3","2014-01-21 09:54:42","click","74","null"
"SSINL2000479","3","2014-01-21 11:37:10","click","75","photo"
"SSINL2000479","3","2014-01-21 11:37:55","click","76","null"
"SSINL2000479","3","2014-01-21 11:37:59","click","77","null"
"SSINL2000495","3","2014-01-21 12:13:59","click","78","photo"
"GMNL10002","3","2014-02-02 16:26:59","click","79","photo"
"GMNL10005","3","2014-02-02 22:42:28","click","80","photo"
"GMNL10006","3","2014-02-02 23:06:37","click","81","brand"
"GMNL10007","3","2014-02-02 23:40:21","click","82","photo"
"GMNL10012","3","2014-02-03 01:04:39","click","83","photo"
"ERNL10094","3","2014-02-03 17:46:16","click","84","photo"
"GMNL10013","3","2014-02-03 23:10:20","click","85","album"
"GMNL10013","3","2014-02-03 23:11:13","click","86","photo"
"GMNL10014","3","2014-02-03 23:31:41","click","87","null"
"GMNL10014","3","2014-02-03 23:31:43","click","88","album"
"GMNL10015","3","2014-02-04 00:04:14","click","89","photo"
"GMNL10016","3","2014-02-04 00:30:26","click","90","photo"
"GMNL10017","3","2014-02-04 00:45:33","click","91","photo"
"GMNL10018","3","2014-02-04 01:48:47","click","92","photo"
"GMNL10049","3","2014-02-04 12:36:15","click","93","like"
"GMNL10049","3","2014-02-04 12:36:17","click","94","Reageren"
"GMNL10049","3","2014-02-04 12:36:39","comment","95","null"
"GMNL10049","3","2014-02-04 12:37:18","click","96","photo"
"GMNL10049","3","2014-02-04 12:38:26","click","97","photo"
"GMNL10019","3","2014-02-04 12:39:58","click","98","photo"
"GMNL10049","3","2014-02-04 12:39:58","click","99","photo"
"GMNL10019","3","2014-02-04 12:41:33","click","100","like"
"GMNL10019","3","2014-02-04 12:41:43","click","101","photo"
"GMNL10019","3","2014-02-04 12:43:07","click","102","like"
"GMNL10019","3","2014-02-04 12:43:09","click","103","photo"
"GM14100","3","2014-02-04 14:13:59","click","104","photo"
"GM14100","3","2014-02-04 14:14:22","click","105","null"
"GM14100","3","2014-02-04 14:15:14","click","106","Reageren"
"GM14100","3","2014-02-04 14:15:15","click","107","commentBox"
"GM14100","3","2014-02-04 14:15:17","comment","108","null"
"ERNL10095","3","2014-02-05 13:14:52","click","109","photo"
"ERNL10095","3","2014-02-05 13:15:53","click","110","photo"
"ERNL10095","3","2014-02-05 13:16:24","click","111","null"
"ERNL10095","3","2014-02-05 13:16:26","click","112","photo"
"ERNL10095","3","2014-02-05 13:16:34","click","113","null"
"ERNL10095","3","2014-02-05 13:16:38","click","114","null"
"ERNL10095","3","2014-02-05 13:17:02","click","115","null"
"ERNL10096","3","2014-02-05 13:23:34","click","116","null"
"ERNL10080","3","2014-02-06 08:22:22","click","117","like"
"ERNL10080","3","2014-02-06 08:22:32","click","118","Reageren"
"ERNL10080","3","2014-02-06 08:22:37","comment","119","null"
"ERNL10080","3","2014-02-06 08:22:50","click","120","photo"
"ERNL10081","3","2014-02-06 08:34:34","click","121","like"
"ERNL10079","3","2014-02-07 09:18:30","click","122","like"
"ERNL10079","3","2014-02-07 09:18:32","click","123","commentBox"
"ERNL10079","3","2014-02-07 09:18:46","click","124","commentBox"
"ERNL10079","3","2014-02-07 09:18:50","comment","125","null"
"ERNL10079","3","2014-02-07 09:18:55","click","126","photo"
"ERNL10077","3","2014-02-07 09:38:45","click","127","null"
"ERNL10077","3","2014-02-07 09:38:49","click","128","like"
"ERNL10077","3","2014-02-07 09:38:50","click","129","Reageren"
"ERNL10077","3","2014-02-07 09:38:52","click","130","share"
"ERNL10077","3","2014-02-07 09:38:53","click","131","null"
"ERNL10076","3","2014-02-07 09:49:40","click","132","photo"
"ERNL10075","3","2014-02-07 12:41:51","click","133","photo"
"ERNL10075","3","2014-02-07 12:41:55","click","134","null"
"ERNL10075","3","2014-02-07 12:41:57","click","135","null"
"ERNL10075","3","2014-02-07 12:41:58","click","136","null"
"ERNL10075","3","2014-02-07 12:41:59","click","137","null"
"ERNL10075","3","2014-02-07 12:42:35","click","138","null"
"ERNL10074","3","2014-02-07 12:52:38","click","139","null"
"ERNL10074","3","2014-02-07 12:52:39","click","140","Reageren"
"ERNL10074","3","2014-02-07 12:52:40","click","141","null"
"ERNL10073","3","2014-02-09 15:26:45","click","142","Reageren"
"ERNL10073","3","2014-02-09 15:30:23","click","143","null"
"ERNL10071","3","2014-02-09 16:04:11","click","144","like"
"ERNL10071","3","2014-02-09 16:04:12","click","145","Reageren"
"ERNL10071","3","2014-02-09 16:04:14","click","146","photo"
"ERNL10070","3","2014-02-11 11:04:01","click","147","like"
"ERNL10070","3","2014-02-11 11:06:28","click","148","null"
"CINTNL3000055","3","2014-02-12 02:07:49","click","149","Reageren"
"CINTNL3000055","3","2014-02-12 02:07:51","click","150","Reageren"
"CINTNL3000074","3","2014-02-12 02:48:54","click","151","null"
"CINTNL3000074","3","2014-02-12 02:50:10","click","152","null"
"CINTNL3000074","3","2014-02-12 02:51:03","click","153","null"
"CINTNL3000074","3","2014-02-12 02:51:06","click","154","null"
"CINTNL3000074","3","2014-02-12 02:51:21","click","155","null"
"CINTNL3000074","3","2014-02-12 02:51:47","click","156","null"
"SSINL2000524","3","2014-02-12 03:46:52","click","157","null"
"CINTNL3000126","3","2014-02-12 04:00:26","click","158","photo"
"SSINL2000558","3","2014-02-12 05:19:39","click","159","null"
"CINTNL3000203","3","2014-02-12 06:06:11","click","160","null"
"SSINL2000586","3","2014-02-12 06:32:32","click","161","null"
"SSINL2000586","3","2014-02-12 06:32:42","click","162","like"
"SSINL2000586","3","2014-02-12 06:32:45","click","163","null"
"SSINL2000586","3","2014-02-12 06:32:49","click","164","commentBox"
"SSINL2000586","3","2014-02-12 06:32:58","comment","165","null"
"SSINL2000586","3","2014-02-12 06:33:09","click","166","null"
"SSINL2000589","3","2014-02-12 06:47:46","click","167","null"
"CINTNL3000239","3","2014-02-12 07:16:33","click","168","null"
"CINTNL3000239","3","2014-02-12 07:16:34","click","169","null"
"CINTNL3000239","3","2014-02-12 07:16:46","click","170","null"
"CINTNL3000239","3","2014-02-12 07:16:48","click","171","null"
"CINTNL3000239","3","2014-02-12 07:16:49","click","172","null"
"CINTNL3000239","3","2014-02-12 07:16:49","click","173","null"
"CINTNL3000239","3","2014-02-12 07:16:50","click","174","null"
"CINTNL3000239","3","2014-02-12 07:16:51","click","175","null"
"CINTNL3000239","3","2014-02-12 07:16:51","click","176","null"
"CINTNL3000239","3","2014-02-12 07:16:51","click","177","null"
"CINTNL3000239","3","2014-02-12 07:16:52","click","178","null"
"CINTNL3000239","3","2014-02-12 07:16:53","click","179","null"
"CINTNL3000239","3","2014-02-12 07:16:53","click","180","null"
"CINTNL3000239","3","2014-02-12 07:16:54","click","181","null"
"CINTNL3000239","3","2014-02-12 07:16:59","click","182","null"
"CINTNL3000239","3","2014-02-12 07:17:18","click","183","photo"
"CINTNL3000239","3","2014-02-12 07:17:45","click","184","null"
"CINTNL3000239","3","2014-02-12 07:17:54","click","185","like"
"CINTNL3000239","3","2014-02-12 07:17:57","click","186","commentBox"
"CINTNL3000239","3","2014-02-12 07:18:07","comment","187","null"
"CINTNL3000239","3","2014-02-12 07:18:10","click","188","null"
"CINTNL3000239","3","2014-02-12 07:18:11","click","189","null"
"CINTNL3000239","3","2014-02-12 07:18:13","click","190","null"
"CINTNL3000239","3","2014-02-12 07:18:13","click","191","null"
"CINTNL3000239","3","2014-02-12 07:18:14","click","192","photo"
"CINTNL3000239","3","2014-02-12 07:18:34","click","193","null"
"CINTNL3000239","3","2014-02-12 07:18:37","click","194","null"
"CINTNL3000239","3","2014-02-12 07:18:37","click","195","null"
"CINTNL3000239","3","2014-02-12 07:18:50","click","196","null"
"CINTNL3000074","3","2014-02-12 07:30:43","click","197","null"
"CINTNL3000074","3","2014-02-12 07:30:45","click","198","null"
"CINTNL3000074","3","2014-02-12 07:30:46","click","199","null"
"CINTNL3000074","3","2014-02-12 07:30:52","click","200","null"
"SSINL2000642","3","2014-02-12 09:09:38","click","201","photo"
"SSINL2000642","3","2014-02-12 09:10:04","click","202","photo"
"SSINL2000642","3","2014-02-12 09:11:25","click","203","photo"
"SSINL2000637","3","2014-02-12 09:20:12","click","204","album"
"SSINL2000637","3","2014-02-12 09:21:00","click","205","Reageren"
"SSINL2000637","3","2014-02-12 09:21:31","click","206","Reageren"
"SSINL2000637","3","2014-02-12 09:22:06","click","207","photo"
"SSINL2000637","3","2014-02-12 09:22:14","click","208","photo"
"SSINL2000637","3","2014-02-12 09:23:49","click","209","photo"
"SSINL2000641","3","2014-02-12 09:46:10","click","210","null"
"SSINL2000641","3","2014-02-12 09:47:33","click","211","album"
"SSINL2000657","3","2014-02-12 10:17:47","click","212","photo"
"SSINL2000657","3","2014-02-12 10:18:58","click","213","null"
"SSINL2000657","3","2014-02-12 10:19:05","click","214","null"
"SSINL2000683","3","2014-02-12 11:28:04","click","215","null"
"CINTNL3000366","3","2014-02-12 11:49:36","click","216","null"
"CINTNL3000396","3","2014-02-12 11:58:41","click","217","photo"
"CINTNL3000396","3","2014-02-12 11:59:58","click","218","photo"
"CINTNL3000396","3","2014-02-12 12:01:17","click","219","null"
"CINTNL3000396","3","2014-02-12 12:01:24","click","220","null"
"SSINL2000690","3","2014-02-12 12:03:11","click","221","photo"
"SSINL2000690","3","2014-02-12 12:04:14","click","222","brand"
"SSINL2000690","3","2014-02-12 12:05:32","click","223","null"
"CINTNL3000441","3","2014-02-12 12:25:38","click","224","null"
"CINTNL3000441","3","2014-02-12 12:25:49","click","225","like"
"CINTNL3000427","3","2014-02-12 12:27:22","click","226","null"
"CINTNL3000427","3","2014-02-12 12:33:05","click","227","photo"
"CINTNL3000485","3","2014-02-12 12:35:51","click","228","null"
"CINTNL3000489","3","2014-02-12 12:38:37","click","229","album"
"CINTNL3000520","3","2014-02-12 12:55:28","click","230","photo"
"CINTNL3000597","3","2014-02-12 13:24:26","click","231","photo"
"CINTNL3000597","3","2014-02-12 13:25:23","click","232","photo"
"CINTNL3000619","3","2014-02-12 13:57:52","click","233","photo"
"CINTNL3000619","3","2014-02-12 13:58:52","click","234","photo"
"CINTNL3000671","3","2014-02-12 14:14:08","click","235","photo"
"CINTNL3000671","3","2014-02-12 14:14:25","click","236","photo"
"CINTNL3000671","3","2014-02-12 14:18:49","click","237","photo"
"CINTNL3000685","3","2014-02-12 14:24:36","click","238","like"
"CINTNL3000685","3","2014-02-12 14:24:39","click","239","null"
"CINTNL3000685","3","2014-02-12 14:24:50","click","240","like"
"CINTNL3000685","3","2014-02-12 14:24:51","click","241","null"
"CINTNL3000685","3","2014-02-12 14:25:04","click","242","like"
"CINTNL3000685","3","2014-02-12 14:25:08","click","243","null"
"CINTNL3000685","3","2014-02-12 14:25:17","click","244","photo"
"CINTNL3000685","3","2014-02-12 14:26:05","click","245","like"
"CINTNL3000685","3","2014-02-12 14:26:06","click","246","photo"
"CINTNL3000685","3","2014-02-12 14:26:23","click","247","photo"
"CINTNL3000685","3","2014-02-12 14:26:35","click","248","photo"
"CINTNL3000685","3","2014-02-12 14:27:12","click","249","photo"
"CINTNL3000685","3","2014-02-12 14:27:15","click","250","photo"
"CINTNL3000685","3","2014-02-12 14:27:25","comment","251","null"
"CINTNL3000685","3","2014-02-12 14:31:58","click","252","photo"
"CINTNL3000709","3","2014-02-12 14:37:09","click","253","photo"
"CINTNL3000610","3","2014-02-12 14:44:44","click","254","photo"
"CINTNL3000610","3","2014-02-12 14:45:15","click","255","album"
"CINTNL3000610","3","2014-02-12 14:46:03","click","256","null"
"CINTNL3000610","3","2014-02-12 14:46:07","click","257","like"
"CINTNL3000074","3","2014-02-12 15:09:41","click","258","null"
"CINTNL3000074","3","2014-02-12 15:10:21","click","259","null"
"CINTNL3000074","3","2014-02-12 15:10:31","click","260","null"
"CINTNL3000074","3","2014-02-12 15:10:31","click","261","null"
"CINTNL3000074","3","2014-02-12 15:10:39","click","262","null"
"CINTNL3000074","3","2014-02-12 15:10:39","click","263","null"
"CINTNL3000074","3","2014-02-12 15:11:01","click","264","null"
"CINTNL3000074","3","2014-02-12 15:14:26","click","265","null"
"CINTNL3000074","3","2014-02-12 15:16:15","click","266","null"
"CINTNL3000074","3","2014-02-12 15:19:03","click","267","null"
"CINTNL3000781","3","2014-02-12 16:15:37","click","268","photo"
"CINTNL3000795","3","2014-02-12 16:29:04","click","269","photo"
"CINTNL3000838","3","2014-02-12 18:03:35","click","270","album"
"CINTNL3000838","3","2014-02-12 18:04:30","click","271","album"
"CINTNL3000859","3","2014-02-12 20:26:12","click","272","photo"
"CINTNL3000859","3","2014-02-12 20:28:53","click","273","photo"
"CINTNL3000859","3","2014-02-12 20:37:17","click","274","null"
"CINTNL3000859","3","2014-02-12 20:37:19","click","275","null"
"CINTNL3000859","3","2014-02-12 20:37:21","click","276","null"
"CINTNL3000859","3","2014-02-12 20:40:08","click","277","null"
"CINTNL3000859","3","2014-02-12 20:40:23","click","278","null"
"CINTNL3000859","3","2014-02-12 20:40:31","click","279","null"
"CINTNL3000859","3","2014-02-12 20:40:35","click","280","null"
"CINTNL3000859","3","2014-02-12 20:40:38","click","281","null"
"CINTNL3000859","3","2014-02-12 20:40:38","click","282","null"
"CINTNL3000859","3","2014-02-12 20:40:40","click","283","null"
"CINTNL3000859","3","2014-02-12 20:41:01","click","284","null"
"CINTNL3000859","3","2014-02-12 20:41:06","click","285","null"
"CINTNL3000859","3","2014-02-12 20:41:10","click","286","null"
"CINTNL3000859","3","2014-02-12 20:41:20","click","287","null"
"CINTNL3000859","3","2014-02-12 20:41:21","click","288","null"
"CINTNL3000859","3","2014-02-12 20:41:21","click","289","null"
"CINTNL3000859","3","2014-02-12 20:41:31","click","290","Reageren"
"CINTNL3000859","3","2014-02-12 20:41:41","click","291","brand"
"CINTNL3000869","3","2014-02-13 01:49:33","click","292","photo"
"CINTNL3000909","3","2014-02-13 04:05:31","click","293","album"
"CINTNL3000909","3","2014-02-13 04:06:05","click","294","photo"
"CINTNL3000974","3","2014-02-13 06:59:59","click","295","photo"
"CINTNL3000974","3","2014-02-13 07:08:41","click","296","photo"
"CINTNL3001030","3","2014-02-13 10:46:45","click","297","photo"
"CINTNL3001030","3","2014-02-13 10:47:14","click","298","like"
"CINTNL3001030","3","2014-02-13 10:47:32","click","299","album"
"CINTNL3001030","3","2014-02-13 10:48:13","click","300","album"
"CINTNL3001030","3","2014-02-13 11:04:37","click","301","brand"
"CINTNL3001041","3","2014-02-13 11:25:15","click","302","album"
"CINTNL3001041","3","2014-02-13 11:26:16","click","303","album"
"CINTNL3001095","3","2014-02-13 15:04:42","click","304","null"
"CINTNL3001095","3","2014-02-13 15:04:43","click","305","null"
"CINTNL3001095","3","2014-02-13 15:06:04","click","306","photo"
"CINTNL3001199","3","2014-02-14 12:18:00","click","307","photo"
"CINTNL3001199","3","2014-02-14 12:19:33","click","308","photo"
"CINTNL3001206","3","2014-02-14 14:40:35","click","309","photo"
"CINTNL3001206","3","2014-02-14 14:41:06","click","310","null"
"CINTNL3001206","3","2014-02-14 14:41:15","click","311","null"
"CINTNL3001206","3","2014-02-14 14:41:53","click","312","photo"
"CINTNL3001274","3","2014-02-16 04:41:46","click","313","null"
"CINTNL3001274","3","2014-02-16 04:41:56","click","314","brand"
"CINTNL3001302","3","2014-02-16 16:31:15","click","315","album"
"CINTNL3001305","3","2014-02-16 19:11:05","click","316","photo"
"CINTNL3001305","3","2014-02-16 19:12:17","click","317","null"
"CINTNL3001305","3","2014-02-16 19:12:24","click","318","null"
"CINTNL3001305","3","2014-02-16 19:13:35","click","319","null"
"CINTNL3001305","3","2014-02-16 19:18:57","click","320","null"
"CINTNL3001305","3","2014-02-16 19:21:28","click","321","null"
"CINTNL3001305","3","2014-02-16 19:21:30","click","322","like"
"CINTNL3001305","3","2014-02-16 19:21:35","click","323","unlike"
"CINTNL3001305","3","2014-02-16 19:21:40","click","324","null"
"CINTNL3001305","3","2014-02-16 19:21:42","click","325","null"
"CINTNL3001305","3","2014-02-16 19:21:43","click","326","null"
"CINTNL3001305","3","2014-02-16 19:21:47","click","327","null"
"CINTNL3001305","3","2014-02-16 19:21:48","click","328","null"
"CINTNL3001305","3","2014-02-16 19:21:50","click","329","null"
"CINTNL3001305","3","2014-02-16 19:21:52","click","330","null"
"GO14194","3","2014-02-17 16:15:22","click","331","photo"
"GO14194","3","2014-02-17 16:15:47","click","332","photo"
"GO14194","3","2014-02-17 16:16:51","click","333","photo"
"CINTNL3001384","3","2014-02-18 12:15:54","click","334","null"
"CINTNL3001384","3","2014-02-18 12:15:58","click","335","null"
"CINTNL3001384","3","2014-02-18 12:15:59","click","336","null"
"CINTNL3001384","3","2014-02-18 12:16:36","click","337","null"
"CINTNL3001384","3","2014-02-18 12:16:42","click","338","null"
"CINTNL3001384","3","2014-02-18 12:17:27","click","339","album"
"CINTNL3001384","3","2014-02-18 12:18:49","click","340","album"
"CINTNL3001390","3","2014-02-18 12:32:50","click","341","null"
"CINTNL3001390","3","2014-02-18 12:32:54","click","342","null"
"CINTNL3001390","3","2014-02-18 12:32:57","click","343","null"
"CINTNL3001390","3","2014-02-18 12:33:22","click","344","null"
"CINTNL3001390","3","2014-02-18 12:33:55","click","345","share"
"CINTNL3001390","3","2014-02-18 12:35:10","click","346","null"
"CINTNL3001390","3","2014-02-18 12:36:23","click","347","photo"
"SSINL2000703","3","2014-02-18 12:58:10","click","348","photo"
"CINTNL3001459","3","2014-02-18 13:35:17","click","349","null"
"CINTNL3001459","3","2014-02-18 13:35:46","click","350","photo"
"CINTNL3001515","3","2014-02-18 14:59:05","click","351","photo"
"CINTNL3001515","3","2014-02-18 15:02:44","click","352","null"
"SSINL2000752","3","2014-02-18 16:20:46","click","353","null"
"SSINL2000752","3","2014-02-18 16:20:51","click","354","null"
"SSINL2000752","3","2014-02-18 16:20:53","click","355","null"
"SSINL2000752","3","2014-02-18 16:21:02","click","356","null"
"SSINL2000752","3","2014-02-18 16:21:34","click","357","null"
"CINTNL3001535","3","2014-02-18 17:49:38","click","358","photo"
"CINTNL3001567","3","2014-02-18 20:58:34","click","359","photo"
"CINTNL3001567","3","2014-02-18 21:01:37","click","360","photo"
"SSINL2000842","3","2014-02-19 06:59:32","click","361","null"
"mchlljy123","3","2014-02-19 11:49:53","click","362","photo"
"mchlljy123","3","2014-02-19 11:50:29","click","363","photo"
"mchlljy123","3","2014-02-19 11:53:40","click","364","photo"
"mchlljy1","3","2014-02-19 12:06:33","click","365","null"
"mchlljy2","3","2014-02-19 12:12:11","click","366","photo"
"mchlljy2","3","2014-02-19 12:12:31","click","367","photo"
"mchlljy2","3","2014-02-19 12:12:49","click","368","photo"
"mchlljy2","3","2014-02-19 12:13:42","click","369","photo"
"SSINL2000912","3","2014-02-19 12:16:01","click","370","photo"
"mchlljy3","3","2014-02-19 12:33:02","click","371","photo"
"mchlljy4","3","2014-02-19 12:48:26","click","372","photo"
"-1","3","2014-02-20 15:50:48","click","373","null"
"MITYaseminDebug","3","2014-02-20 22:42:59","click","374","null"
"MITYaseminDebug","3","2014-02-20 22:43:06","click","375","null"
"MITYaseminDebug","3","2014-02-20 22:43:07","click","376","null"
"test5","3","2014-02-20 23:48:24","click","377","photo"
"test5","3","2014-02-20 23:48:38","click","378","photo"
"ERNL10066","3","2014-02-21 02:32:25","click","379","photo"
"ERNL10064","3","2014-02-21 02:56:00","click","380","photo"
"GMNL10022","3","2014-02-22 01:20:12","click","381","like"
"GMNL10022","3","2014-02-22 01:20:24","click","382","photo"
"GMNL10025","3","2014-02-22 01:50:39","click","383","Reageren"
"GMNL10025","3","2014-02-22 01:51:17","click","384","Reageren"
"GMNL10025","3","2014-02-22 01:52:01","click","385","like"
"GMNL10025","3","2014-02-22 01:52:10","click","386","unlike"
"GMNL10026","3","2014-02-22 02:24:21","click","387","like"
"GMNL10026","3","2014-02-22 02:24:26","click","388","photo"
"GMNL10026","3","2014-02-22 02:26:21","click","389","like"
"GMNL10026","3","2014-02-22 02:26:30","click","390","photo"
"GMNL10026","3","2014-02-22 02:27:53","click","391","like"
"GMNL10026","3","2014-02-22 02:28:03","click","392","photo"
"GMNL10026","3","2014-02-22 02:29:33","click","393","album"
"GMNL10028","3","2014-02-22 02:57:47","click","394","photo"
"GMNL10029","3","2014-02-22 21:37:23","click","395","photo"
"GMNL10030","3","2014-02-22 21:52:51","click","396","photo"
"GMNL10031","3","2014-02-22 22:18:50","click","397","photo"
"GMNL10032","3","2014-02-22 22:37:01","click","398","photo"
"GMNL10033","3","2014-02-22 22:59:10","click","399","photo"
"GMNL10038","3","2014-02-23 00:18:11","click","400","photo"
"GMNL10040","3","2014-02-23 00:59:58","click","401","like"
"GMNL10040","3","2014-02-23 01:00:06","click","402","photo"
"michellej19","3","2014-02-23 13:04:54","click","403","photo"
"michellej19","3","2014-02-23 13:05:36","click","404","photo"
"michellej19","3","2014-02-23 13:05:53","click","405","null"
"michellej23","3","2014-02-23 13:25:29","click","406","null"
"michellej24","3","2014-02-23 13:28:58","click","407","null"
"mj2","3","2014-02-23 16:17:43","click","408","null"
"mj7","3","2014-02-23 17:06:11","click","409","null"
"mj7","3","2014-02-23 17:09:29","click","410","null"
"mj7","3","2014-02-23 17:09:33","click","411","photo"
"mj7","3","2014-02-23 17:09:49","click","412","null"
"mj9","3","2014-02-23 17:12:33","click","413","photo"
"mj11","3","2014-02-23 17:24:26","click","414","null"
"mj11","3","2014-02-23 17:24:36","click","415","photo"
"mj12","3","2014-02-23 17:27:21","click","416","null"
"mj13","3","2014-02-23 17:31:52","click","417","null"
"mj13","3","2014-02-23 17:31:53","click","418","photo"
"mj15","3","2014-02-23 17:40:37","click","419","null"
"mj25","3","2014-02-23 18:18:39","click","420","photo"
"mj27","3","2014-02-23 18:34:09","click","421","null"
"mj38","3","2014-02-23 18:52:51","click","422","photo"
"MIT001","3","2014-02-23 19:35:07","click","423","photo"
"mj55","3","2014-02-23 20:41:59","click","424","null"
"mj57","3","2014-02-23 21:04:41","click","425","null"
"mj62","3","2014-02-23 21:50:13","click","426","null"
"mj62","3","2014-02-23 21:50:22","click","427","photo"
"mj62","3","2014-02-23 21:54:18","click","428","photo"
"GMNL10041","3","2014-02-24 00:06:30","click","429","photo"
"GMNL10042","3","2014-02-24 00:22:32","click","430","photo"
"GMNL10043","3","2014-02-24 00:46:28","click","431","photo"
"GMNL10044","3","2014-02-24 01:11:01","click","432","photo"
"GMNL10045","3","2014-02-24 01:30:26","click","433","photo"
"GMNL10046","3","2014-02-24 01:43:05","click","434","photo"
"GMNL10047","3","2014-02-24 19:24:49","click","435","like"
"GMNL10047","3","2014-02-24 19:24:54","click","436","photo"
"GMNL10048","3","2014-02-24 19:39:29","click","437","photo"
"ERNL10040","3","2014-02-25 13:55:53","click","438","like"
"ERNL10040","3","2014-02-25 13:55:54","click","439","unlike"
"ERNL10040","3","2014-02-25 13:55:55","click","440","like"
"ERNL10040","3","2014-02-25 13:56:05","click","441","Reageren"
"ERNL10040","3","2014-02-25 13:56:09","click","442","photo"
"ERNL10040","3","2014-02-25 13:56:14","click","443","Reageren"
"ERNL10042","3","2014-02-25 14:08:24","click","444","like"
"ERNL10042","3","2014-02-25 14:08:25","click","445","null"
"ERNL10042","3","2014-02-25 14:08:26","click","446","null"
"ERNL10043","3","2014-02-25 14:15:38","click","447","like"
"ERNL10043","3","2014-02-25 14:15:38","click","448","Reageren"
"ERNL10043","3","2014-02-25 14:15:39","click","449","photo"
"ERNL10043","3","2014-02-25 14:15:52","click","450","like"
"ERNL10043","3","2014-02-25 14:15:53","click","451","Reageren"
"ERNL10043","3","2014-02-25 14:15:54","click","452","photo"
"ERNL10043","3","2014-02-25 14:16:26","click","453","photo"
"ERNL10043","3","2014-02-25 14:24:39","click","454","like"
"ERNL10043","3","2014-02-25 14:24:41","click","455","Reageren"
"ERNL10043","3","2014-02-25 14:24:41","click","456","share"
"ERNL10043","3","2014-02-25 14:24:43","click","457","photo"
"ERNL10044","3","2014-02-26 07:03:13","click","458","like"
"ERNL10044","3","2014-02-26 07:03:14","click","459","Reageren"
"ERNL10044","3","2014-02-26 07:03:15","click","460","share"
"ERNL10044","3","2014-02-26 07:03:18","click","461","Reageren"
"ERNL10044","3","2014-02-26 07:03:19","click","462","photo"
"ERNL10046","3","2014-02-26 07:17:45","click","463","like"
"ERNL10046","3","2014-02-26 07:17:45","click","464","Reageren"
"ERNL10046","3","2014-02-26 07:17:46","click","465","photo"
"ERNL10046","3","2014-02-26 07:17:58","click","466","like"
"ERNL10046","3","2014-02-26 07:17:58","click","467","Reageren"
"ERNL10046","3","2014-02-26 07:17:59","click","468","photo"
"ERNL10046","3","2014-02-26 07:22:57","click","469","like"
"ERNL10046","3","2014-02-26 07:22:58","click","470","null"
"ERNL10046","3","2014-02-26 07:22:58","click","471","Reageren"
"ERNL10046","3","2014-02-26 07:22:59","click","472","photo"
"ERNL10046","3","2014-02-26 07:26:20","click","473","like"
"ERNL10047","3","2014-02-26 07:42:08","click","474","like"
"ERNL10047","3","2014-02-26 07:42:32","click","475","Reageren"
"GMNL10050","3","2014-02-26 09:51:10","click","476","like"
"GMNL10051","3","2014-02-26 09:59:22","click","477","like"
"GMNL10052","3","2014-02-26 10:08:06","click","478","like"
"GMNL10053","3","2014-02-26 10:20:56","click","479","photo"
"mjtest2","3","2014-02-26 10:23:00","click","480","like"
"mjtest2","3","2014-02-26 10:24:04","click","481","photo"
"mjtest2","3","2014-02-26 10:24:21","click","482","null"
"mjtest2","3","2014-02-26 10:27:22","click","483","photo"
"mjtest5","3","2014-02-26 10:31:45","click","484","photo"
"mjtest5","3","2014-02-26 10:32:15","click","485","photo"
"mjtest15","3","2014-02-26 11:06:14","click","486","photo"
"mjtest15","3","2014-02-26 11:06:33","click","487","photo"
"mjtest15","3","2014-02-26 11:06:42","click","488","null"
"mjtest15","3","2014-02-26 11:07:21","click","489","null"
"mjtest15","3","2014-02-26 11:07:22","click","490","null"
"mjtest15","3","2014-02-26 11:07:22","click","491","null"
"mjtest15","3","2014-02-26 11:07:22","click","492","null"
"mjtest15","3","2014-02-26 11:08:08","click","493","null"
"mjtest16","3","2014-02-26 11:12:44","click","494","like"
"mjtest16","3","2014-02-26 11:13:04","click","495","null"
"mjtest16","3","2014-02-26 11:13:10","click","496","null"
"GMNL10054","3","2014-02-26 13:17:36","click","497","like"
"GMNL10055","3","2014-02-26 13:26:30","click","498","like"
"GMNL10056","3","2014-02-26 13:37:05","click","499","like"
"ERNL10048","3","2014-02-26 17:25:18","click","500","like"
"ERNL10048","3","2014-02-26 17:25:20","click","501","Reageren"
"ERNL10048","3","2014-02-26 17:25:21","click","502","photo"
"ERNL10049","3","2014-02-26 18:37:07","click","503","like"
"ERNL10050","3","2014-02-26 19:05:04","click","504","null"
"ERNL10050","3","2014-02-26 19:05:06","click","505","like"
"ERNL10050","3","2014-02-26 19:05:07","click","506","Reageren"
"ERNL10050","3","2014-02-26 19:05:12","click","507","photo"
"ERNL10035","3","2014-03-02 19:02:49","click","508","photo"
"ERNL10036","3","2014-03-02 19:16:52","click","509","like"
"ERNL10036","3","2014-03-02 19:16:57","click","510","commentBox"
"ERNL10036","3","2014-03-02 19:16:59","comment","511","null"
"ERNL10036","3","2014-03-02 19:17:01","comment","512","null"
"ERNL10036","3","2014-03-02 19:17:02","comment","513","null"
"ERNL10036","3","2014-03-02 19:17:45","click","514","photo"
"SSINL2000994","3","2014-03-03 14:04:16","click","515","null"
"SSINL2001059","3","2014-03-04 05:00:17","click","516","photo"
"SSINL2001064","3","2014-03-04 05:28:02","click","517","photo"
"SSINL2001076","3","2014-03-04 06:38:52","click","518","photo"
"SSINL2001076","3","2014-03-04 06:39:23","click","519","photo"
"SSINL2001076","3","2014-03-04 06:40:03","click","520","photo"
"SSINL2001110","3","2014-03-04 09:37:55","click","521","null"
"SSINL2001110","3","2014-03-04 09:37:56","click","522","null"
"SSINL2001110","3","2014-03-04 09:38:02","click","523","photo"
"SSINL2001110","3","2014-03-04 09:38:41","click","524","null"
"SSINL2001110","3","2014-03-04 09:38:43","click","525","null"
"SSINL2001110","3","2014-03-04 09:38:46","click","526","null"
"SSINL2001110","3","2014-03-04 09:39:12","click","527","null"
"SSINL2001110","3","2014-03-04 09:39:15","click","528","null"
"SSINL2001110","3","2014-03-04 09:39:18","click","529","like"
"SSINL2001110","3","2014-03-04 09:39:20","click","530","null"
"SSINL2001110","3","2014-03-04 09:39:43","click","531","null"
"SSINL2001110","3","2014-03-04 09:39:45","click","532","null"
"SSINL2001110","3","2014-03-04 09:39:47","click","533","null"
"SSINL2001110","3","2014-03-04 09:39:48","click","534","like"
"SSINL2001110","3","2014-03-04 09:39:50","click","535","null"
"SSINL2001110","3","2014-03-04 09:40:51","click","536","null"
"SSINL2001110","3","2014-03-04 09:40:52","click","537","null"
"SSINL2001110","3","2014-03-04 09:40:57","click","538","photo"
"SSINL2001126","3","2014-03-04 10:07:31","click","539","null"
"SSINL2001131","3","2014-03-04 10:29:06","click","540","photo"
"SSINL2001131","3","2014-03-04 10:29:29","click","541","null"
"SSINL2001131","3","2014-03-04 10:30:07","click","542","album"
"SSINL2001144","3","2014-03-04 10:55:07","click","543","like"
"SSINL2001152","3","2014-03-04 11:05:53","click","544","photo"
"SSINL2001190","3","2014-03-04 13:16:10","click","545","null"
"SSINL2001190","3","2014-03-04 13:16:14","click","546","null"
"SSINL2001191","3","2014-03-04 13:38:20","click","547","null"
"SSINL2001191","3","2014-03-04 13:39:15","click","548","photo"
"SSINL2001198","3","2014-03-04 13:54:01","click","549","album"
"SSINL2001198","3","2014-03-04 13:54:02","click","550","album"
"SSINL2001199","3","2014-03-04 14:06:05","click","551","null"
"SSINL2001342","3","2014-03-05 16:07:45","click","552","photo"
"SSINL2001342","3","2014-03-05 16:07:57","click","553","photo"
"SSINL2001359","3","2014-03-06 09:10:47","click","554","photo"
"SSINL2001416","3","2014-03-06 17:25:45","click","555","null"
"SSINL2001416","3","2014-03-06 17:30:26","click","556","null"
"SSINL2001459","3","2014-03-07 11:32:33","click","557","like"
"SSINL2001459","3","2014-03-07 11:32:59","click","558","photo"
"SSINL2001459","3","2014-03-07 11:34:11","click","559","commentBox"
"SSINL2001552","3","2014-03-10 11:52:41","click","560","null"
"SSINL2001552","3","2014-03-10 11:52:49","click","561","null"
"SSINL2001552","3","2014-03-10 11:52:51","click","562","null"
"SSINL2001552","3","2014-03-10 11:53:41","click","563","null"
"SSINL2001552","3","2014-03-10 11:54:32","click","564","null"
"SSINL2001552","3","2014-03-10 11:54:36","click","565","null"
"SSINL2001552","3","2014-03-10 11:55:05","click","566","like"
"SSINL2001552","3","2014-03-10 11:55:07","click","567","null"
"SSINL2001552","3","2014-03-10 11:55:08","click","568","null"
"CINTNL3029894","3","2014-03-10 16:30:58","click","569","null"
"CINTNL3029894","3","2014-03-10 16:31:18","click","570","null"
"CINTNL3029894","3","2014-03-10 16:32:35","click","571","null"
"CINTNL3029894","3","2014-03-10 16:32:38","click","572","null"
"CINTNL3029894","3","2014-03-10 16:32:41","click","573","null"
"CINTNL3029894","3","2014-03-10 16:32:46","click","574","null"
"CINTNL3029894","3","2014-03-10 16:32:46","click","575","null"
"CINTNL3029894","3","2014-03-10 16:42:39","click","576","null"
"CINTNL3029894","3","2014-03-10 16:42:41","click","577","null"
"CINTNL3029894","3","2014-03-10 16:42:42","click","578","null"
"CINTNL3029894","3","2014-03-10 16:42:43","click","579","null"
"SSINL2001601","3","2014-03-11 08:33:54","click","580","like"
"SSINL2001601","3","2014-03-11 08:34:19","click","581","null"
"SSINL2001601","3","2014-03-11 08:34:20","click","582","null"
"SSINL2001601","3","2014-03-11 08:34:21","click","583","null"
"SSINL2001601","3","2014-03-11 08:34:25","click","584","null"
"SSINL2001601","3","2014-03-11 08:34:31","click","585","null"
"SSINL2001601","3","2014-03-11 08:34:37","click","586","commentBox"
"SSINL2001601","3","2014-03-11 08:34:45","comment","587","null"
"CINTNL3035362","3","2014-03-11 12:08:47","click","588","null"
"CINTNL3035362","3","2014-03-11 12:08:53","click","589","null"
"CINTNL3035362","3","2014-03-11 12:10:51","click","590","photo"
"CINTNL3033256","3","2014-03-11 12:33:49","click","591","photo"
"CINTNL3033256","3","2014-03-11 12:35:09","click","592","photo"
"CINTNL3033256","3","2014-03-11 12:40:16","click","593","photo"
"CINTNL3033464","3","2014-03-11 12:41:24","click","594","photo"
"CINTNL3033464","3","2014-03-11 12:43:02","click","595","null"
"CINTNL3034935","3","2014-03-11 12:51:39","click","596","null"
"SSINL2001642","3","2014-03-11 14:28:05","click","597","null"
"CINTNL3037253","3","2014-03-11 19:07:50","click","598","photo"
"CINTNL3037253","3","2014-03-11 19:08:46","click","599","photo"
"CINTNL3037253","3","2014-03-11 19:11:53","click","600","photo"
"SSINL2001776","3","2014-03-12 13:58:59","click","601","like"
"CINTNL3039092","3","2014-03-13 05:39:35","click","602","like"
"CINTNL3039092","3","2014-03-13 05:40:19","click","603","like"
"CINTNL3039092","3","2014-03-13 05:41:58","click","604","null"
"CINTNL3039092","3","2014-03-13 05:42:24","click","605","null"
"CINTNL3039092","3","2014-03-13 05:42:27","click","606","null"
"CINTNL3039092","3","2014-03-13 05:42:31","click","607","null"
"CINTNL3039092","3","2014-03-13 05:42:42","click","608","like"
"CINTNL3039092","3","2014-03-13 05:42:45","click","609","commentBox"
"CINTNL3039092","3","2014-03-13 05:42:56","comment","610","null"
"CINTNL3039092","3","2014-03-13 05:42:59","click","611","null"
"CINTNL3039092","3","2014-03-13 05:43:04","click","612","null"
"CINTNL3039092","3","2014-03-13 05:43:07","click","613","null"
"CINTNL3039092","3","2014-03-13 05:43:08","click","614","null"
"CINTNL3039092","3","2014-03-13 05:43:09","click","615","null"
"CINTNL3039092","3","2014-03-13 05:43:12","click","616","null"
"CINTNL3039092","3","2014-03-13 05:43:15","click","617","commentBox"
"CINTNL3039092","3","2014-03-13 05:43:19","click","618","null"
"CINTNL3039092","3","2014-03-13 05:43:19","click","619","null"
"CINTNL3039092","3","2014-03-13 05:43:21","click","620","null"
"CINTNL3038687","3","2014-03-13 05:55:04","click","621","photo"
"CINTNL3038687","3","2014-03-13 05:55:51","click","622","photo"
"CINTNL3038394","3","2014-03-13 06:31:31","click","623","null"
"CINTNL3038394","3","2014-03-13 06:31:51","click","624","photo"
"CINTNL3038394","3","2014-03-13 06:32:32","click","625","album"
"CINTNL3038394","3","2014-03-13 06:32:56","click","626","album"
"CINTNL3038394","3","2014-03-13 06:33:08","click","627","photo"
"CINTNL3039547","3","2014-03-13 07:17:16","click","628","null"
"CINTNL3039547","3","2014-03-13 07:17:18","click","629","null"
"CINTNL3039547","3","2014-03-13 07:17:19","click","630","null"
"CINTNL3039541","3","2014-03-13 10:02:24","click","631","null"
"CINTNL3039541","3","2014-03-13 10:02:54","click","632","null"
"CINTNL3039541","3","2014-03-13 10:03:37","click","633","album"
"CINTNL3039541","3","2014-03-13 10:05:08","click","634","photo"
"CINTNL3039541","3","2014-03-13 10:06:03","click","635","like"
"CINTNL3039541","3","2014-03-13 10:07:02","click","636","null"
"CINTNL3039541","3","2014-03-13 10:08:05","click","637","photo"
"CINTNL3039541","3","2014-03-13 10:08:40","click","638","album"
"CINTNL3038289","3","2014-03-13 12:19:56","click","639","null"
"CINTNL3038289","3","2014-03-13 12:20:00","click","640","null"
"CINTNL3038289","3","2014-03-13 12:20:02","click","641","null"
"CINTNL3038289","3","2014-03-13 12:43:13","click","642","null"
"CINTNL3038289","3","2014-03-13 12:43:17","click","643","null"
"CINTNL3038289","3","2014-03-13 12:43:17","click","644","null"
"CINTNL3038289","3","2014-03-13 12:43:18","click","645","null"
"CINTNL3038289","3","2014-03-13 12:43:18","click","646","null"
"CINTNL3038289","3","2014-03-13 12:44:06","click","647","null"
"CINTNL3038289","3","2014-03-13 12:44:07","click","648","null"
"CINTNL3038289","3","2014-03-13 12:44:08","click","649","null"
"CINTNL3038289","3","2014-03-13 12:44:10","click","650","null"
"CINTNL3038289","3","2014-03-13 12:49:03","click","651","null"
"CINTNL3038289","3","2014-03-13 12:49:03","click","652","null"
"CINTNL3038289","3","2014-03-13 14:12:19","click","653","null"
"CINTNL3038289","3","2014-03-13 14:12:21","click","654","null"
"CINTNL3038289","3","2014-03-13 14:12:22","click","655","null"
"CINTNL3038289","3","2014-03-13 14:12:24","click","656","null"
"CINTNL3038289","3","2014-03-13 14:12:25","click","657","null"
"CINTNL3038289","3","2014-03-13 14:12:34","click","658","photo"
"CINTNL3038289","3","2014-03-13 14:12:45","click","659","null"
"CINTNL3038289","3","2014-03-13 14:12:46","click","660","null"
"ERNL10020","3","2014-03-14 10:23:34","click","661","photo"
"SSINL2002110","3","2014-03-15 04:25:48","click","662","null"
"SSINL2002110","3","2014-03-15 04:25:55","click","663","null"
"SSINL2002110","3","2014-03-15 04:27:07","click","664","share"
"SSINL2002110","3","2014-03-15 04:27:26","click","665","album"
"SSINL2002172","3","2014-03-15 04:54:24","click","666","null"
"SSINL2002172","3","2014-03-15 04:54:30","click","667","null"
"SSINL2002172","3","2014-03-15 04:54:53","click","668","photo"
"SSINL2002172","3","2014-03-15 05:04:11","click","669","photo"
"SSINL2002314","3","2014-03-15 06:01:33","click","670","photo"
"SSINL2002314","3","2014-03-15 06:01:42","click","671","photo"
"SSINL2002314","3","2014-03-15 06:01:49","click","672","photo"
"SSINL2002424","3","2014-03-15 07:08:21","click","673","photo"
"SSINL2002424","3","2014-03-15 07:13:24","click","674","Reageren"
"SSINL2002424","3","2014-03-15 07:13:26","click","675","commentBox"
"SSINL2002424","3","2014-03-15 07:14:04","click","676","commentBox"
"SSINL2002424","3","2014-03-15 07:14:07","click","677","commentBox"
"SSINL2002424","3","2014-03-15 07:14:29","comment","678","null"
"SSINL2002424","3","2014-03-15 07:14:36","click","679","null"
"SSINL2002424","3","2014-03-15 07:14:38","click","680","commentBox"
"SSINL2002424","3","2014-03-15 07:14:55","comment","681","null"
"SSINL2002424","3","2014-03-15 07:15:05","click","682","null"
"SSINL2002424","3","2014-03-15 07:15:32","click","683","Reageren"
"SSINL2002424","3","2014-03-15 07:15:44","click","684","commentBox"
"SSINL2002424","3","2014-03-15 07:15:50","click","685","Reageren"
"SSINL2002424","3","2014-03-15 07:16:26","click","686","photo"
"SSINL2002593","3","2014-03-15 10:07:56","click","687","album"
"SSINL2002593","3","2014-03-15 10:59:38","click","688","null"
"SSINL2002593","3","2014-03-15 10:59:41","click","689","null"
"SSINL2002593","3","2014-03-15 10:59:42","click","690","null"
"SSINL2002593","3","2014-03-15 10:59:42","click","691","null"
"SSINL2002593","3","2014-03-15 10:59:43","click","692","null"
"SSINL2002650","3","2014-03-15 11:18:33","click","693","photo"
"SSINL2002754","3","2014-03-15 15:06:56","click","694","null"
"SSINL2002784","3","2014-03-15 16:09:09","click","695","null"
"SSINL2002784","3","2014-03-15 16:09:32","click","696","null"
"SSINL2002784","3","2014-03-15 16:09:35","click","697","null"
"SSINL2002784","3","2014-03-15 16:09:38","click","698","null"
"SSINL2002784","3","2014-03-15 16:09:42","click","699","null"
"SSINL2002784","3","2014-03-15 16:10:12","click","700","null"
"SSINL2002847","3","2014-03-16 04:37:41","click","701","photo"
"SSINL2002864","3","2014-03-16 05:29:51","click","702","photo"
"SSINL2002864","3","2014-03-16 05:30:21","click","703","photo"
"SSINL2001146","3","2014-03-16 07:04:55","click","704","like"
"SSINL2001146","3","2014-03-16 07:05:07","click","705","commentBox"
"SSINL2001146","3","2014-03-16 07:05:21","comment","706","null"
"SSINL2001146","3","2014-03-16 07:06:16","click","707","like"
"SSINL2001146","3","2014-03-16 07:06:25","click","708","Reageren"
"CINTNL3039659","3","2014-03-17 04:48:11","click","709","photo"
"CINTNL3039730","3","2014-03-17 05:46:54","click","710","null"
"CINTNL3039730","3","2014-03-17 05:53:16","click","711","null"
"CINTNL3039891","3","2014-03-17 07:44:14","click","712","null"
"CINTNL3039891","3","2014-03-17 07:44:19","click","713","null"
"CINTNL3039891","3","2014-03-17 07:44:21","click","714","photo"
"SSINL2003117","3","2014-03-17 07:56:22","click","715","null"
"SSINL2003117","3","2014-03-17 07:56:25","click","716","null"
"SSINL2003117","3","2014-03-17 07:56:52","click","717","null"
"SSINL2003117","3","2014-03-17 07:57:14","click","718","null"
"CINTNL3039949","3","2014-03-17 08:32:12","click","719","photo"
"CINTNL3039949","3","2014-03-17 08:33:22","click","720","null"
"CINTNL3039949","3","2014-03-17 08:33:28","click","721","null"
"CINTNL3039949","3","2014-03-17 08:34:19","click","722","null"
"CINTNL3039949","3","2014-03-17 08:34:37","click","723","null"
"CINTNL3039949","3","2014-03-17 08:34:42","click","724","null"
"CINTNL3039949","3","2014-03-17 08:34:44","click","725","photo"
"CINTNL3040006","3","2014-03-17 09:48:39","click","726","photo"
"CINTNL3040081","3","2014-03-17 09:51:25","click","727","like"
"CINTNL3040096","3","2014-03-17 09:57:38","click","728","photo"
"CINTNL3040096","3","2014-03-17 09:58:12","click","729","null"
"CINTNL3040096","3","2014-03-17 09:59:05","click","730","null"
"CINTNL3040096","3","2014-03-17 09:59:07","click","731","photo"
"CINTNL3040059","3","2014-03-17 09:59:53","click","732","null"
"CINTNL3040059","3","2014-03-17 09:59:57","click","733","null"
"CINTNL3040170","3","2014-03-17 10:00:07","click","734","photo"
"CINTNL3040059","3","2014-03-17 10:00:20","click","735","null"
"CINTNL3040107","3","2014-03-17 10:00:23","click","736","null"
"CINTNL3040096","3","2014-03-17 10:00:27","click","737","null"
"CINTNL3040059","3","2014-03-17 10:00:31","click","738","null"
"CINTNL3040059","3","2014-03-17 10:00:36","click","739","album"
"CINTNL3040170","3","2014-03-17 10:01:14","click","740","photo"
"CINTNL3040107","3","2014-03-17 10:01:43","click","741","null"
"CINTNL3040107","3","2014-03-17 10:01:49","click","742","null"
"CINTNL3040059","3","2014-03-17 10:01:58","click","743","null"
"CINTNL3040107","3","2014-03-17 10:02:49","click","744","like"
"CINTNL3040107","3","2014-03-17 10:03:02","click","745","null"
"CINTNL3040296","3","2014-03-17 10:06:23","click","746","photo"
"CINTNL3040296","3","2014-03-17 10:07:17","click","747","album"
"CINTNL3040273","3","2014-03-17 10:07:51","click","748","photo"
"CINTNL3040296","3","2014-03-17 10:07:53","click","749","album"
"CINTNL3040296","3","2014-03-17 10:08:41","click","750","album"
"CINTNL3040273","3","2014-03-17 10:09:09","click","751","photo"
"CINTNL3040296","3","2014-03-17 10:09:33","click","752","album"
"CINTNL3040367","3","2014-03-17 10:29:49","click","753","null"
"CINTNL3040525","3","2014-03-17 10:56:13","click","754","null"
"CINTNL3040558","3","2014-03-17 11:03:17","click","755","photo"
"CINTNL3040059","3","2014-03-17 11:13:02","click","756","null"
"CINTNL3040665","3","2014-03-17 11:24:06","click","757","album"
"CINTNL3040697","3","2014-03-17 11:31:50","click","758","photo"
"CINTNL3040825","3","2014-03-17 11:47:09","click","759","null"
"CINTNL3040825","3","2014-03-17 11:48:09","click","760","like"
"CINTNL3040825","3","2014-03-17 11:48:14","click","761","null"
"CINTNL3040825","3","2014-03-17 11:48:21","click","762","commentBox"
"CINTNL3040825","3","2014-03-17 11:48:30","comment","763","null"
"CINTNL3040825","3","2014-03-17 11:49:32","click","764","photo"
"CINTNL3040850","3","2014-03-17 12:44:29","click","765","photo"
"CINTNL3041392","3","2014-03-17 13:33:50","click","766","photo"
"CINTNL3041392","3","2014-03-17 13:34:26","click","767","photo"
"CINTNL3041392","3","2014-03-17 13:34:56","click","768","photo"
"CINTNL3041392","3","2014-03-17 13:36:08","click","769","photo"
"CINTNL3041392","3","2014-03-17 13:36:48","click","770","photo"
"CINTNL3041496","3","2014-03-17 13:44:00","click","771","null"
"CINTNL3041496","3","2014-03-17 13:44:04","click","772","null"
"CINTNL3041496","3","2014-03-17 13:44:58","click","773","album"
"CINTNL3041496","3","2014-03-17 13:45:49","click","774","null"
"CINTNL3041496","3","2014-03-17 13:45:51","click","775","null"
"CINTNL3041496","3","2014-03-17 13:45:51","click","776","null"
"CINTNL3041496","3","2014-03-17 13:45:52","click","777","null"
"CINTNL3041496","3","2014-03-17 13:45:53","click","778","null"
"CINTNL3041496","3","2014-03-17 13:45:54","click","779","null"
"CINTNL3041527","3","2014-03-17 13:56:55","click","780","photo"
"CINTNL3041568","3","2014-03-17 14:08:57","click","781","null"
"CINTNL3041568","3","2014-03-17 14:09:13","click","782","null"
"CINTNL3041568","3","2014-03-17 14:09:16","click","783","null"
"CINTNL3041568","3","2014-03-17 14:09:42","click","784","null"
"CINTNL3041568","3","2014-03-17 14:09:47","click","785","null"
"CINTNL3041568","3","2014-03-17 14:09:56","click","786","null"
"CINTNL3041568","3","2014-03-17 14:10:26","click","787","null"
"CINTNL3041568","3","2014-03-17 14:10:28","click","788","null"
"CINTNL3041568","3","2014-03-17 14:10:33","click","789","album"
"CINTNL3041568","3","2014-03-17 14:11:41","click","790","null"
"CINTNL3041568","3","2014-03-17 14:11:42","click","791","null"
"CINTNL3041568","3","2014-03-17 14:11:43","click","792","null"
"CINTNL3041568","3","2014-03-17 14:11:45","click","793","null"
"CINTNL3041568","3","2014-03-17 14:11:45","click","794","null"
"CINTNL3041568","3","2014-03-17 14:14:38","click","795","photo"
"CINTNL3041550","3","2014-03-17 14:20:10","click","796","null"
"CINTNL3041550","3","2014-03-17 14:20:15","click","797","null"
"CINTNL3041550","3","2014-03-17 14:20:28","click","798","null"
"CINTNL3041728","3","2014-03-17 14:31:45","click","799","null"
"CINTNL3041728","3","2014-03-17 14:31:50","click","800","null"
"CINTNL3041728","3","2014-03-17 14:32:01","click","801","like"
"CINTNL3041728","3","2014-03-17 14:32:10","click","802","null"
"CINTNL3041728","3","2014-03-17 14:32:13","click","803","null"
"CINTNL3041749","3","2014-03-17 14:38:07","click","804","photo"
"CINTNL3041499","3","2014-03-17 14:41:03","click","805","null"
"CINTNL3041499","3","2014-03-17 14:41:04","click","806","null"
"CINTNL3041499","3","2014-03-17 14:41:06","click","807","null"
"CINTNL3041499","3","2014-03-17 14:41:21","click","808","photo"
"CINTNL3041499","3","2014-03-17 14:41:35","click","809","photo"
"CINTNL3041499","3","2014-03-17 14:43:09","click","810","like"
"CINTNL3041499","3","2014-03-17 14:43:14","click","811","null"
"CINTNL3041499","3","2014-03-17 14:43:16","click","812","null"
"CINTNL3041499","3","2014-03-17 14:43:17","click","813","null"
"CINTNL3041499","3","2014-03-17 14:43:22","click","814","null"
"CINTNL3041499","3","2014-03-17 14:43:24","click","815","commentBox"
"CINTNL3041499","3","2014-03-17 14:43:25","click","816","photo"
"CINTNL3041688","3","2014-03-17 14:44:19","click","817","photo"
"CINTNL3041688","3","2014-03-17 14:46:20","click","818","photo"
"CINTNL3041833","3","2014-03-17 14:57:49","click","819","null"
"CINTNL3041833","3","2014-03-17 14:57:52","click","820","null"
"CINTNL3041833","3","2014-03-17 14:57:53","click","821","null"
"CINTNL3041833","3","2014-03-17 14:57:54","click","822","null"
"CINTNL3041833","3","2014-03-17 14:57:55","click","823","null"
"CINTNL3041833","3","2014-03-17 14:58:08","click","824","null"
"CINTNL3041833","3","2014-03-17 14:58:16","click","825","null"
"CINTNL3041833","3","2014-03-17 14:58:21","click","826","null"
"CINTNL3041833","3","2014-03-17 14:58:22","click","827","null"
"CINTNL3041837","3","2014-03-17 14:58:49","click","828","photo"
"CINTNL3041894","3","2014-03-17 15:06:20","click","829","photo"
"CINTNL3041894","3","2014-03-17 15:07:29","click","830","null"
"CINTNL3041894","3","2014-03-17 15:08:33","click","831","null"
"CINTNL3041894","3","2014-03-17 15:08:51","click","832","photo"
"CINTNL3041887","3","2014-03-17 15:16:20","click","833","null"
"CINTNL3041842","3","2014-03-17 15:22:44","click","834","photo"
"SSINL2003197","3","2014-03-17 15:24:13","click","835","null"
"SSINL2003197","3","2014-03-17 15:24:14","click","836","null"
"SSINL2003197","3","2014-03-17 15:24:16","click","837","null"
"SSINL2003197","3","2014-03-17 15:25:23","click","838","null"
"SSINL2003197","3","2014-03-17 15:25:23","click","839","null"
"SSINL2003197","3","2014-03-17 15:25:24","click","840","null"
"SSINL2003197","3","2014-03-17 15:25:27","click","841","null"
"SSINL2003197","3","2014-03-17 15:25:29","click","842","null"
"SSINL2003197","3","2014-03-17 15:25:30","click","843","null"
"SSINL2003197","3","2014-03-17 15:25:30","click","844","null"
"SSINL2003197","3","2014-03-17 15:25:31","click","845","null"
"SSINL2003197","3","2014-03-17 15:25:31","click","846","null"
"SSINL2003197","3","2014-03-17 15:25:31","click","847","null"
"SSINL2003197","3","2014-03-17 15:25:32","click","848","null"
"CINTNL3041956","3","2014-03-17 15:37:10","click","849","null"
"CINTNL3042084","3","2014-03-17 15:49:57","click","850","photo"
"CINTNL3041022","3","2014-03-17 15:50:35","click","851","null"
"CINTNL3041022","3","2014-03-17 15:50:36","click","852","null"
"CINTNL3041022","3","2014-03-17 15:50:37","click","853","null"
"CINTNL3041022","3","2014-03-17 15:50:41","click","854","null"
"CINTNL3042084","3","2014-03-17 15:50:47","click","855","photo"
"CINTNL3041022","3","2014-03-17 15:51:25","click","856","null"
"CINTNL3041022","3","2014-03-17 15:51:27","click","857","null"
"CINTNL3041022","3","2014-03-17 15:51:27","click","858","null"
"CINTNL3041022","3","2014-03-17 15:51:28","click","859","null"
"CINTNL3042084","3","2014-03-17 15:51:28","click","860","null"
"CINTNL3042164","3","2014-03-17 16:06:45","click","861","null"
"CINTNL3042164","3","2014-03-17 16:06:50","click","862","photo"
"CINTNL3042164","3","2014-03-17 16:07:31","click","863","null"
"CINTNL3042164","3","2014-03-17 16:08:28","click","864","null"
"CINTNL3042164","3","2014-03-17 16:09:11","click","865","photo"
"CINTNL3042194","3","2014-03-17 16:27:11","click","866","null"
"CINTNL3042320","3","2014-03-17 16:56:46","click","867","photo"
"CINTNL3042320","3","2014-03-17 16:57:14","click","868","photo"
"CINTNL3042320","3","2014-03-17 16:57:40","click","869","photo"
"CINTNL3042521","3","2014-03-17 18:21:32","click","870","like"
"CINTNL3042521","3","2014-03-17 18:21:44","click","871","null"
"CINTNL3042521","3","2014-03-17 18:21:47","click","872","null"
"CINTNL3042521","3","2014-03-17 18:21:49","click","873","null"
"CINTNL3042521","3","2014-03-17 18:22:22","click","874","like"
"CINTNL3042521","3","2014-03-17 18:22:33","click","875","null"
"CINTNL3042521","3","2014-03-17 18:22:36","click","876","null"
"CINTNL3042521","3","2014-03-17 18:22:40","click","877","null"
"CINTNL3042521","3","2014-03-17 18:23:04","click","878","null"
"CINTNL3042521","3","2014-03-17 18:23:05","click","879","null"
"CINTNL3042521","3","2014-03-17 18:23:06","click","880","null"
"CINTNL3042521","3","2014-03-17 18:23:28","click","881","null"
"CINTNL3042521","3","2014-03-17 18:23:29","click","882","null"
"CINTNL3042521","3","2014-03-17 18:25:37","click","883","commentBox"
"CINTNL3042521","3","2014-03-17 18:26:00","comment","884","null"
"CINTNL3042521","3","2014-03-17 18:26:37","click","885","like"
"CINTNL3042521","3","2014-03-17 18:26:41","click","886","commentBox"
"CINTNL3042521","3","2014-03-17 18:40:41","click","887","null"
"CINTNL3042521","3","2014-03-17 18:40:43","click","888","null"
"CINTNL3042521","3","2014-03-17 18:40:45","click","889","null"
"CINTNL3042521","3","2014-03-17 18:40:47","click","890","null"
"SSINL2003222","3","2014-03-17 18:50:35","click","891","like"
"SSINL2003222","3","2014-03-17 18:50:37","click","892","commentBox"
"SSINL2003222","3","2014-03-17 18:50:48","comment","893","null"
"SSINL2003222","3","2014-03-17 18:52:02","click","894","like"
"SSINL2003222","3","2014-03-17 18:52:04","click","895","commentBox"
"SSINL2003222","3","2014-03-17 18:52:11","click","896","commentBox"
"SSINL2003222","3","2014-03-17 18:52:13","comment","897","null"
"SSINL2003222","3","2014-03-17 18:53:18","click","898","photo"
"CINTNL3042602","3","2014-03-17 19:01:39","click","899","null"
"CINTNL3042602","3","2014-03-17 19:01:45","click","900","null"
"CINTNL3042616","3","2014-03-17 19:11:28","click","901","null"
"CINTNL3042616","3","2014-03-17 19:11:29","click","902","null"
"CINTNL3042616","3","2014-03-17 19:11:29","click","903","null"
"CINTNL3042616","3","2014-03-17 19:11:41","click","904","null"
"CINTNL3042790","3","2014-03-18 03:39:22","click","905","null"
"CINTNL3042790","3","2014-03-18 03:39:36","click","906","Reageren"
"CINTNL3042790","3","2014-03-18 03:39:38","click","907","commentBox"
"CINTNL3042790","3","2014-03-18 03:39:47","comment","908","null"
"CINTNL3042846","3","2014-03-18 03:57:05","click","909","like"
"CINTNL3042846","3","2014-03-18 03:57:22","click","910","unlike"
"CINTNL3042846","3","2014-03-18 03:57:58","click","911","photo"
"CINTNL3042846","3","2014-03-18 03:58:09","click","912","null"
"CINTNL3042846","3","2014-03-18 03:58:15","click","913","null"
"CINTNL3042846","3","2014-03-18 03:58:21","click","914","null"
"CINTNL3042846","3","2014-03-18 03:58:31","click","915","null"
"CINTNL3042840","3","2014-03-18 03:58:33","click","916","photo"
"CINTNL3042846","3","2014-03-18 03:58:40","click","917","null"
"CINTNL3042846","3","2014-03-18 03:58:45","click","918","null"
"CINTNL3042840","3","2014-03-18 04:00:09","click","919","photo"
"CINTNL3042840","3","2014-03-18 04:01:45","click","920","photo"
"CINTNL3042840","3","2014-03-18 04:02:25","click","921","null"
"CINTNL3042840","3","2014-03-18 04:02:28","click","922","null"
"CINTNL3042949","3","2014-03-18 05:02:24","click","923","album"
"CINTNL3042997","3","2014-03-18 05:49:40","click","924","photo"
"CINTNL3042997","3","2014-03-18 05:51:10","click","925","null"
"CINTNL3043080","3","2014-03-18 06:04:59","click","926","photo"
"CINTNL3043080","3","2014-03-18 06:05:27","click","927","photo"
"CINTNL3043083","3","2014-03-18 06:19:12","click","928","photo"
"CINTNL3043083","3","2014-03-18 06:19:27","click","929","null"
"CINTNL3043083","3","2014-03-18 06:20:25","click","930","null"
"CINTNL3043193","3","2014-03-18 06:46:07","click","931","photo"
"CINTNL3043193","3","2014-03-18 06:47:44","click","932","photo"
"CINTNL3043193","3","2014-03-18 06:48:22","click","933","photo"
"CINTNL3043277","3","2014-03-18 07:41:33","click","934","photo"
"CINTNL3043277","3","2014-03-18 07:42:52","click","935","photo"
"CINTNL3043277","3","2014-03-18 07:43:16","click","936","photo"
"CINTNL3043277","3","2014-03-18 07:43:57","click","937","photo"
"CINTNL3043556","3","2014-03-18 10:50:05","click","938","null"
"CINTNL3043556","3","2014-03-18 10:50:50","click","939","null"
"SSINL2003278","3","2014-03-18 12:31:42","click","940","photo"
"CINTNL3043546","3","2014-03-18 13:58:01","click","941","null"
"CINTNL3043546","3","2014-03-18 13:58:04","click","942","null"
"CINTNL3043546","3","2014-03-18 13:58:05","click","943","null"
"CINTNL3043546","3","2014-03-18 13:58:07","click","944","null"
"CINTNL3043546","3","2014-03-18 13:58:09","click","945","null"
"CINTNL3043546","3","2014-03-18 13:58:09","click","946","null"
"CINTNL3043546","3","2014-03-18 13:58:10","click","947","null"
"CINTNL3043546","3","2014-03-18 13:58:18","click","948","null"
"CINTNL3043546","3","2014-03-18 13:58:33","click","949","null"
"CINTNL3043546","3","2014-03-18 13:58:34","click","950","null"
"CINTNL3043546","3","2014-03-18 13:58:34","click","951","null"
"CINTNL3043546","3","2014-03-18 13:58:35","click","952","null"
"CINTNL3043546","3","2014-03-18 13:58:35","click","953","null"
"CINTNL3043546","3","2014-03-18 13:58:35","click","954","null"
"CINTNL3043546","3","2014-03-18 13:58:35","click","955","null"
"CINTNL3043546","3","2014-03-18 13:58:36","click","956","null"
"CINTNL3043546","3","2014-03-18 13:59:17","click","957","null"
"CINTNL3043546","3","2014-03-18 13:59:18","click","958","null"
"CINTNL3043546","3","2014-03-18 13:59:18","click","959","null"
"CINTNL3043546","3","2014-03-18 13:59:19","click","960","null"
"CINTNL3043546","3","2014-03-18 14:00:05","click","961","null"
"CINTNL3043546","3","2014-03-18 14:02:26","click","962","null"
"CINTNL3043546","3","2014-03-18 14:03:09","click","963","null"
"CINTNL3043546","3","2014-03-18 14:03:10","click","964","null"
"CINTNL3043546","3","2014-03-18 14:03:10","click","965","null"
"CINTNL3043546","3","2014-03-18 14:03:11","click","966","null"
"CINTNL3043546","3","2014-03-18 14:03:16","click","967","null"
"CINTNL3043798","3","2014-03-18 14:25:46","click","968","null"
"CINTNL3043835","3","2014-03-18 14:38:54","click","969","photo"
"CINTNL3043835","3","2014-03-18 14:39:37","click","970","null"
"CINTNL3043835","3","2014-03-18 14:39:46","click","971","null"
"CINTNL3044049","3","2014-03-18 19:18:31","click","972","null"
"CINTNL3044049","3","2014-03-18 19:19:09","click","973","photo"
"CINTNL3044049","3","2014-03-18 19:23:11","click","974","photo"
"CINTNL3044071","3","2014-03-19 02:20:14","click","975","null"
"CINTNL3044071","3","2014-03-19 02:20:40","click","976","photo"
"CINTNL3044160","3","2014-03-19 05:43:38","click","977","photo"
"CINTNL3044160","3","2014-03-19 05:45:14","click","978","photo"
"CINTNL3044160","3","2014-03-19 05:46:46","click","979","album"
"CINTNL3044160","3","2014-03-19 05:50:05","click","980","photo"
"CINTNL3044186","3","2014-03-19 06:41:28","click","981","photo"
"SSINL2003335","3","2014-03-19 10:20:29","click","982","like"
"SSINL2003335","3","2014-03-19 10:20:36","click","983","photo"
"SSINL2003335","3","2014-03-19 10:22:28","click","984","null"
"SSINL2003335","3","2014-03-19 10:22:31","click","985","null"
"CINTNL3027248","3","2014-03-19 10:22:31","click","986","photo"
"SSINL2003335","3","2014-03-19 10:22:32","click","987","null"
"CINTNL3027248","3","2014-03-19 10:23:09","click","988","null"
"CINTNL3027248","3","2014-03-19 10:23:43","click","989","photo"
"CINTNL3027248","3","2014-03-19 10:24:27","click","990","photo"
"SSINL2003335","3","2014-03-19 10:26:22","click","991","photo"
"CINTNL3044326","3","2014-03-19 12:20:48","click","992","photo"
"CINTNL3044326","3","2014-03-19 12:21:14","click","993","photo"
"CINTNL3044326","3","2014-03-19 12:21:34","click","994","null"
"CINTNL3044326","3","2014-03-19 12:22:20","click","995","photo"
"CINTNL3044326","3","2014-03-19 12:23:31","click","996","photo"
"CINTNL3044360","3","2014-03-19 14:45:01","click","997","photo"
"CINTNL3044360","3","2014-03-19 14:46:07","click","998","photo"
"SSINL2003352","3","2014-03-19 15:37:34","click","999","photo"
"CINTNL3044478","3","2014-03-20 07:53:09","click","1000","null"
"CINTNL3044478","3","2014-03-20 07:53:11","click","1001","null"
"CINTNL3044478","3","2014-03-20 07:53:12","click","1002","null"
"CINTNL3044478","3","2014-03-20 07:53:13","click","1003","null"
"CINTNL3044478","3","2014-03-20 08:17:19","click","1004","null"
"CINTNL3044504","3","2014-03-20 11:59:14","click","1005","null"
